p_id,issues
11326100,0
23557391,21
22170348,134
16288576,11
15790399,1
28179398,5
3526154,43
5723396,0
2764814,0
8671378,0
3353227,21
33497899,8
31966605,206
31727614,5
19212176,12
27115275,6
377990,2
26291,110
18555933,0
12483198,24
10237873,90
7374100,113
19621463,6
11761903,3
13423561,0
25053598,0
6502601,1
17704622,0
8026794,1
505325,93
31262885,0
10402446,0
3888541,215
3524721,10
18518093,0
13545579,10
13665027,6
11154982,0
8092553,0
11432322,1
20185656,275
27683828,7
29984406,5
22051212,13
7272042,0
27638933,0
19317464,0
28012661,11
24603125,0
18887362,11
22111941,1
7978678,0
69885,0
37363427,19
15414404,61
33012366,0
38599558,31
21005607,0
20102483,48
12249509,2
23043493,0
9776780,0
102968,1
29205606,66
19464932,0
9044305,0
8350135,10
9324544,4
4634742,0
22080356,0
5689887,0
18039521,125
2255944,3
7054609,7
32850062,0
33377669,0
34344306,15
34375161,0
34931395,0
42105623,0
44982141,76
3799158,0
3988688,0
7862232,30
27305814,30
129878,198
19996034,1
11814673,0
2839773,0
4099003,1
12489358,0
3561555,0
4450951,1
31331874,0
26900723,1
22290404,4
28902366,4
24142366,253
27304656,4
31886835,1
16280220,0
37329560,0
32436326,1
38822513,4
17374423,0
6218009,4
2382331,0
18959726,0
15269358,2
13146303,0
25113471,0
22065701,0
19186516,2
35096972,0
34213123,8
4624622,0
4724849,24
4074836,0
38651630,0
2444713,2
17250956,0
11696068,1
18019392,0
30113763,11
4524007,16
1062091,0
83973,0
6448695,56
25019048,0
11369792,28
34595128,0
34674680,110
35090548,1
38963740,0
3775961,0
30508811,0
3447528,0
12925435,0
90725,37
10389046,1
13479921,38
17708989,1
1930234,22
27783582,5
13141598,0
22257415,0
29861964,18
1838889,22
17383451,0
32287501,1
33101592,0
7302045,6
6927478,0
36803705,0
9210005,12
3242163,0
22885043,0
25006069,19
3465623,0
4283701,159
27536910,0
11101285,0
26214724,14
466537,46
3575152,55
10251030,0
5047197,45
16029168,0
8384404,9
1041252,1
554496,1
23078284,1
8664330,0
8866206,187
4843598,0
3524341,0
2168707,1
12708667,28
10930744,3
32643428,64
14603259,1
5838710,0
4598839,0
32606170,102
7948508,77
42748580,0
21115881,0
4703160,68
158249,12
10806719,1
20447454,132
22239843,0
8972293,85
32799166,28
10343244,7
6420196,0
255928,33
44136016,98
40451402,17
9997393,2
18550558,2
14024979,0
25449323,0
26186871,16
2493300,1
24135534,120
16667718,23
2467343,0
34486293,0
36259746,13
35192708,0
35442544,51
3238676,0
6412214,0
17477238,54
9921982,9
7922429,0
82233,0
5991760,0
4262850,50
28753647,0
19430791,0
14091,38
11577595,0
37501019,0
35097332,0
32403920,0
33048987,10
10576511,0
41551600,5
9383545,0
15483243,8
27875321,0
27555510,36
5482842,28
29721971,0
7080051,0
5750231,0
15781878,0
29217523,0
4040388,46
12093373,3
19928527,0
31545501,0
8174425,0
16844280,19
9809439,0
2433704,0
2846742,305
22149874,92
18621299,92
23648378,11
10579585,0
15729507,32
16004961,121
12822229,0
133794,7
6910782,0
11028007,1
36950726,0
26806724,6
347311,0
21000925,43
354293,0
15103021,0
4631249,0
26189068,47
19963542,0
5671648,0
31167461,286
12313817,4
334,1691
30873378,21
3058100,266
31850185,28
34329365,0
35329240,0
10892257,0
2599868,1
619618,56
9385601,1
9497314,42
28759129,11
5184660,0
8352796,0
15273551,9
4637667,0
1853196,11
2790569,0
13393435,2
18516673,1353
4507968,43
8019007,45
5387338,0
11729206,6
16024522,2
27975141,0
14932621,8
24263650,0
34205321,1
33464212,5
161030,0
649231,0
33177633,44
5036599,16
10486668,81
308285,0
9059921,0
25023637,1
20860394,2
7923196,0
16180390,0
5987474,2
16423147,44
8131446,1469
357151,23
5754521,0
10833047,30
27169440,30
10184508,5
31977462,5
34572029,0
2338297,0
13971771,0
9832471,1
28825631,0
17620768,0
471759,0
11197479,0
25068469,1
1394916,65
15852612,0
31062460,78
28488432,67
2244706,0
13661887,20
3361698,13
14323446,71
32883254,0
35581001,0
35742440,0
35250477,0
12500062,0
34759912,0
6084574,15
466271,0
15382931,0
13989295,3
7349951,0
3469730,202
20809408,34
8856352,0
8893109,179
14974756,0
21191671,0
23986472,0
31044721,0
9969441,0
32635865,6
34596855,0
2557638,0
43102461,4
28906268,0
19916924,2
26675703,0
29096476,0
17618415,3
10542495,30
2252308,79
7057017,0
10851231,0
11144703,2
25235835,0
31597136,74
13390531,9
10899932,13
3516161,69
7825752,0
1385477,0
42901199,17
18222911,1
22053465,152
18455700,0
21750,1108
12054426,0
13781490,0
15660767,1
17511184,0
3520266,158
2463666,0
36493737,46
12337392,0
9224099,1
3825730,22
10750996,0
5945636,10
10565944,0
30412812,1
7117888,64
14647991,6
8821169,0
17740125,0
11355460,22
10938615,314
10985902,16
9570461,530
23960573,0
27951387,0
16379518,2
20078194,0
22063110,2
10000292,17
286499,19
9695783,0
35920049,0
11095179,0
34002609,0
4023357,0
17222060,1
14805213,0
19718742,3
28373650,12
28462349,1
30806701,34
31557688,25
9997601,29
24127835,17
14113371,0
17394267,3
26798256,0
17125700,0
18537978,0
15218972,2
26770576,0
33488805,4
4297009,122
17454367,0
23990093,0
15268847,0
25207952,0
9736179,0
15001651,0
10962792,25
8627385,1
1026925,1
12130652,0
24951135,1
24311245,50
6348837,0
12312897,0
13160905,0
43173255,23
21671101,0
8980411,1
1622005,0
21240095,4
27813784,0
26311336,2
14256271,1
25787444,0
10410920,0
232071,0
15100803,81
4751612,0
28541104,0
4374964,0
10730101,56
27523351,0
6007619,2
32058892,0
10568152,2
648481,0
6551543,26
38299198,0
31566854,0
8470179,0
6078052,0
3749809,57
31811,0
12935277,10
8510665,68
12408468,0
19442891,90
12476906,0
18022225,0
22187358,5
14264175,4
334019,29
15835573,0
33528124,4
25914726,0
39516018,5
28610628,0
9008297,6
3060036,13
242885,6
5335400,202
20017186,0
14815262,5
64302,4
24625344,0
4905532,1
23097202,0
10316783,3
9736998,30
25706421,43
9941106,0
2459620,68
30421372,0
24131925,8
32547340,0
34256165,0
21635177,3
15034926,9
18832183,1
26248772,0
156635,24
9365726,0
16334006,4
17360080,0
3272933,3
11637893,1
5682539,2
18931465,0
28078405,1
9115412,0
13462246,1
290629,41
13400769,50
15741311,0
6019213,48
11102119,0
22277547,1
16339666,0
22085895,0
26955661,19
205978,8
2476368,0
36565466,28
2261089,99
32922750,47
41764963,0
40993136,0
3947490,0
20138280,15
2778630,40
28996472,0
14579454,0
13807950,1
17638396,6
5535797,13
12119060,0
8132358,0
1930663,4
31446339,9
3734738,0
16811529,11
18834646,3
5378644,13
31557498,3
35510290,0
35663120,46
33665385,0
8933712,111
8519743,0
39620229,2
26541696,3
8781863,3
28183788,3
18580654,0
70455,30
19199004,16
22127123,3
9233264,0
4700601,148
6900594,0
37416473,0
35616954,0
34825191,0
10228810,0
1536877,0
10753268,0
384318,125
24824249,71
30641912,0
27326981,13
31085014,0
19547546,47
27554302,3
11516961,0
2338273,0
30998408,0
25015,2
148335,0
27112948,0
14219836,0
23960216,33
34538027,0
396651,1
12872215,3
34622210,0
9804028,7
41781536,34
40812484,0
40253841,1
27975610,0
12162919,0
19012902,0
22071694,34
10535250,1
16897049,0
96017,0
118,1076
7509508,6
4319278,32
13449487,0
34590634,0
9559250,0
9958068,2
141130,0
40327333,0
41382460,0
4885108,0
29813662,0
16504304,119
23899536,1
3528170,72
10942193,3
5859147,2
19518594,0
24287135,0
29411542,0
2168561,2
26890852,0
6197982,4
20082527,3
97475,41
28074031,8
28218422,114
10252373,3
858881,136
12108047,81
3182359,124
8314049,38
33919413,0
32648475,84
3970378,4
18387128,1
12464503,0
14025451,0
20082966,131
7461396,0
4813175,0
9390201,5
10034148,140
12384755,81
17342507,1
15146722,0
24914635,0
12494453,27
15887582,106
32021867,64
40372139,0
239745,60
10186929,0
10468710,0
4967917,3
10727825,0
10232450,0
9572642,0
9596970,0
7480674,34
7804246,0
1354,1399
3592512,0
16587553,4
5375742,6
8653465,1
11037924,13
10371616,0
15760296,270
10407819,0
7141520,1
589371,0
13092293,0
519245,22
39137883,0
43838261,0
29210985,0
16082389,0
9601393,0
25026937,175
2319666,0
6664644,15
24944850,0
14975027,34
7396900,0
24820244,0
866190,4
1924326,0
14465269,0
12548862,0
42310156,0
26375632,0
4524125,1
23357095,0
29346433,1
18234882,1
4981465,0
17425367,0
807807,0
15373487,94
3798304,0
28424527,0
17404494,0
28738970,11
11613123,2
20521369,0
5701595,1
1982054,14
31052659,0
11186706,0
7835236,0
2961702,23
3785524,0
3346985,23
31879922,0
10371379,50
12246643,0
10423745,19
97900,2
21533443,0
6528116,0
16926863,0
78603,0
31622726,0
31166820,0
1372677,0
1898237,36
11613508,0
20522487,0
18322,46
15006970,10
2232735,82
22201198,3
21344844,0
11080346,0
4266995,30
33633738,18
32186879,2
35689958,0
8542494,0
7364377,0
22094009,0
1160563,29
5708123,0
30740057,0
9507563,0
5059390,7
7081696,34
15151308,0
5726596,0
6249476,18
20822438,0
9055400,0
9173994,0
9590961,2
33692682,3
37133355,1
12178002,2
10752312,0
1360719,0
42722715,1
6066474,0
13456225,48
18040725,0
520100,7
13078048,0
12614173,0
30010475,0
12654568,28
10272209,1
8087770,73
2809439,0
9693482,0
13490121,23
157294,0
14572449,33
33531014,0
33066058,0
8216900,3
8332620,76
34550768,82
31846035,0
31396444,0
12631718,0
8629564,1
12520010,0
39370,4
9762869,0
16024617,0
8807915,0
7954444,0
20592515,0
10289314,13
11222142,0
26051927,1
7653313,11
17174802,0
10283996,35
35101689,0
59756,110
6844095,1
12153330,3
29072362,0
13715051,25
10938877,1
5746636,15
15489722,14
10846637,60
9378947,2
12990848,0
10166624,45
4257766,5
5683713,0
6558316,1
21917499,4
79423,0
23370767,47
13936467,57
11491038,0
8998834,0
5221904,56
32551955,1
42730352,0
10375069,0
8119529,0
30957324,9
10736125,84
4940821,36
20588607,9
8714807,0
9714976,0
31225850,0
15252364,0
14354287,0
71694,349
9005908,2
12149148,0
10370106,9
29227080,0
26046657,0
19048574,1
30481353,0
1952822,53
8779633,0
2489456,21
6311436,1
5451471,105
43269167,0
41112791,0
40398555,0
41020451,0
11429830,5
4342225,0
5467807,1
24141700,0
22152689,28
11221163,0
13641896,1
31665023,6
11757481,39
103434,59
21547033,0
9776709,70
26260319,0
1937691,0
26929410,0
7313423,13
2448898,0
35223756,0
34235096,0
9927254,0
5260145,0
32136151,64
10502929,2
33550772,0
33841906,2
6053288,26
5468484,0
21840871,0
10893176,0
11656846,2
21303506,12
27838444,0
10127755,0
15325438,65
22041744,66
37555,50
19249570,17
24909811,0
8397105,3
1676096,42
811614,0
27590927,0
27783315,19
33240057,0
37374300,4
7429994,0
34492984,35
5822746,0
7656874,1
39390169,21
20645385,0
1954970,2
30105157,1
26482838,15
27743454,60
5886149,0
3189029,0
7167189,0
28277507,0
271299,0
18849725,0
11055907,0
3576615,7
267581,9
14028528,55
27159946,5
12283120,2
30067555,1
1505261,0
18885402,278
19153135,1
6180536,48
13573949,0
12690383,0
23118,76
40610087,0
42383298,0
31459020,0
9426469,0
20926087,31
3241853,0
130027,140
5019045,2
11045433,0
9680734,19
3489025,15
5451719,0
28521790,0
10656528,4
6716426,98
17773651,0
1888424,40
5623899,13
30252890,13
22116556,0
1369515,51
11071693,59
15513990,0
37281741,0
36792385,1
32876351,39
3541322,52
43877233,0
43212315,0
26548736,2
7406855,1
2839235,0
7835599,0
9631304,0
9734987,0
6425082,29
11554896,54
2951273,0
9959690,22
4686783,1
275804,0
21818430,87
5574469,0
32701442,191
35641003,0
142623,2
27409584,0
18552620,294
11652642,22
30150826,0
30253573,25
31694,2
27447277,0
4696687,2
6151136,0
15726917,0
14715385,63
12312638,13
30853141,0
14999882,335
22982030,9
154690,1
26723650,0
7147020,0
30701172,0
4389184,4
19620230,75
19336289,0
13465512,0
8543804,147
2904660,11
32606051,65
34828125,41
584660,52
7391630,0
6157157,0
305264,135
31152510,0
28098490,2
11775656,2
7581678,7
8293410,0
2431623,0
36436328,22
31740125,0
15936655,0
36322092,0
33108290,351
27429571,0
39177972,17
37597251,1
22913667,0
19110749,0
3697,544
13893082,0
28544241,0
7032935,0
7299394,85
6896238,0
13651460,58
20608080,8
25036789,1
12291627,0
953355,65
20337304,4
29308055,67
11389871,16
6100541,23
33386395,0
10151202,5
4612488,93
30882557,80
35583,125
25023387,56
1360464,4
31029844,0
2938143,0
22091839,92
13870814,2
22254445,2
927951,9
3003285,31
25023505,0
3576775,0
506775,1
29905188,16
18792912,0
9372144,0
30881578,12
22155782,12
13934960,0
31913538,14
37072951,0
34091928,0
32226066,3
199600,51
9711273,0
11373055,0
1972749,0
2259584,0
7349674,1
28554185,9
2934746,0
11624115,152
13709827,75
6887781,0
25959443,0
20013820,0
16957972,0
2142759,0
27567772,0
28690649,114
2957797,0
26845345,53
11812798,23
15801418,49
22530850,1
5588903,38
21341738,1
17657489,0
74698,40
14680100,0
14902132,0
33952905,31
537241,0
3522182,3
29738896,0
24142379,0
70857,0
67392,0
30981604,0
12988016,4
27497374,0
31482578,0
5387992,171
403152,0
1952617,28
26896754,4
17071196,0
2505190,5
3612253,14
4413526,9
12618349,23
16017421,0
8402118,10
18877790,5
10815419,0
7820546,13
13001318,0
16880789,5
4197550,0
5198434,0
30986695,20
2959477,249
305465,13
7537166,7
170741,41
13424625,0
43859887,0
39516037,1
37939177,1
40904433,18
29192682,0
7668871,5
17454087,0
26771354,17
15613717,2
13106733,0
29692807,0
31229327,0
2607600,24
11541345,0
5844403,0
17274860,0
752339,13
2735890,147
18787462,30
13409931,17
32846414,0
33435475,4
33824552,0
36790552,0
6944377,0
14402947,6
13928465,0
14666674,105
7765763,0
12245359,0
19755671,0
7041410,0
9823457,50
29131642,2
24580980,0
22094996,74
30039065,0
19382447,0
14199317,0
33774342,0
33857444,0
8811253,0
9837861,0
13366811,26
29802144,0
2632933,1
1946967,0
7809630,6
2368136,4
13051446,0
30162286,0
3207748,0
27751,0
11081250,71
8774373,23
27096534,0
29783627,0
20937,0
9592212,0
42767513,10
30974693,0
9002820,0
17543485,0
18841903,0
2314407,10
18369270,2
11179833,74
16668499,5
9003481,1
30991542,8
8742403,29
27058173,0
106147,1
13494771,85
68953,4
14059078,46
30895519,2
17189026,2
29056266,5
12832312,0
15634001,79
32765730,0
37555028,0
43686682,0
11651454,53
17290760,0
8685498,0
10556743,0
31502246,1
10614810,4
9368946,7
26718189,0
3450485,0
11774866,9
21028019,66
71313,13
15299020,0
627107,0
20349983,24
30262927,0
15457452,2
13459089,47
7092968,21
34343651,58
35740086,0
39678732,18
44379401,0
26491699,3
489176,2
10151182,25
10804720,108
15892702,0
7555315,0
14622327,41
7830908,0
27357815,0
14854729,0
29203763,0
28332083,0
6487675,64
7419426,1
7657439,4
13435606,0
4091834,68
14013590,0
36528870,0
2253343,12
33631512,0
32497634,1
37865987,0
5679930,4
25863019,0
28481522,0
4433472,0
551782,0
28878073,0
19884807,3
18854121,0
20810661,11
6844656,22
1324414,800
29834685,0
22580876,0
37076455,0
34915022,1
237215,0
20079627,0
18572305,0
19275094,1
3513117,300
15187584,4
27527781,0
6421371,56
29924230,0
11573275,14
9218672,37
32745270,0
34276741,0
37392976,0
1450402,0
32187238,71
38805371,0
13106415,277
453590,827
22111577,0
1439633,0
6031507,0
22747213,2
19439676,11
14839702,25
17262602,7
5076662,48
33948568,0
1594772,0
6276882,6
41883347,0
13588960,8
27542946,0
31372401,0
25184210,0
2181172,2
24818348,0
8613693,0
5484549,4
51776,8
19891753,0
375518,0
22088077,1
4371090,26
9723596,5
10432019,1
14228695,0
12318617,0
13386304,19
8999719,1
29428504,0
17164653,62
31522796,32
26861698,10
6206522,5
21165137,5
8253683,34
24972767,2
17909500,0
4065675,0
6564914,6
13405245,249
8817815,0
28346031,2
10945333,52
29631429,121
14770695,4
18148320,0
28884266,4
18344345,139
37539249,0
8098725,4
41139633,52
29235648,0
15839517,2
20210467,5
30098107,0
4687600,414
28139662,0
8106033,0
9758408,24
9236203,13
10223558,143
9214216,224
23670980,0
26879308,0
18012460,0
5307866,26
31454526,0
26039582,32
796986,0
14300785,0
34341710,6
36464178,0
34846929,9
19710914,0
10191488,0
18579293,27
10632719,0
18582200,0
10317526,11
4558093,0
30451688,2
31321474,0
11061550,36
8729577,1
7754177,0
12765041,21
749218,0
17013821,0
10408255,0
13725800,16
33882192,0
34327896,17
7568722,0
37913819,31
38504727,0
7252143,218
19747635,0
21591598,0
5123026,2
14781690,0
23403163,4
17486562,74
20428228,13
2199179,0
361047,10
11205771,324
15858732,0
14362616,0
18024156,79
24252535,95
7816296,7
19665694,27
11286408,0
28028783,0
6913516,2
750351,148
1426344,45
39177649,188
17159510,11
712654,1
559292,6
964466,14
16642331,0
12916804,0
10864390,2
6497059,1
8158348,35
2783344,0
24125441,24
14006232,15
8727514,7
7948937,16
13523765,17
30797104,54
10203978,0
36773263,0
6225019,0
12753681,1
47739,2
43010104,7
7282251,43
73725,7
4510865,2
25131238,14
6130685,1
14650288,0
58995,0
21288438,5
22114552,10
12515196,0
96564,0
1826174,0
25249591,0
4100367,4
24955220,7
3765893,101
1566485,65
19426977,0
34438427,0
32309261,0
14115322,0
3386431,1
11822671,30
40276555,24
17934297,0
21583903,0
26130764,0
6939466,19
17644811,0
4755891,467
3915721,9
21446253,221
8365838,0
30379619,34
13999132,0
17384738,0
13122677,0
34520927,23
34631818,4
2448391,0
40450549,0
2476770,0
31668413,6
10515718,36
16257831,0
11798260,35
2461948,101
26061544,41
29967584,108
17014999,1
911433,0
10941615,0
11071188,1
1926502,0
19259620,1
33700857,4
15050792,0
5289557,0
27478957,781
2508539,0
3472805,2
23436692,67
9710890,0
9702233,4
26545358,0
30555135,0
6963885,12
17865733,144
24490328,44
8115971,17
1426809,57
3691462,38
1943612,0
88147,19
16552228,0
22233035,8
18312721,205
21896989,0
31948352,0
15506229,0
31731988,1
10199527,0
37912356,0
5702465,8
16703899,0
11141050,0
7058824,0
2711485,8
1951288,0
30097688,19
21402671,308
3407634,211
6664523,9
35382272,13
14715677,0
43694207,0
37963610,10
18556711,16
31366331,60
23044377,0
14244423,9
24473060,5
5571610,24
3756754,27
19330274,18
3451239,0
53227,168
4359240,0
2795046,5
34244329,18
7418009,21
6325634,4
42776659,0
27685965,2
30968487,13
8102902,0
22462001,0
7467255,101
248207,1
18875991,2
4471060,406
29125952,0
1945369,15
24919435,74
9758763,0
6599778,128
28029148,5
12811276,0
21764800,7
19261136,0
21421047,37
31725244,15
32578693,85
7320256,0
36655801,0
9831982,2
11707687,21
36668049,1
24468689,0
30473393,16
29397388,0
2452855,0
7755279,1
8012846,67
13925310,1
17078062,12
3644401,0
26925969,0
7723947,129
6567160,0
12418454,1
3226598,0
16426032,48
21675490,0
10528730,0
2215541,304
10567242,0
35668897,0
17720332,0
43331056,0
37970335,22
98258,7
9429540,0
17749435,332
9004362,0
6610297,0
7455844,0
12464771,0
6097091,60
30410252,118
24140173,29
3498797,6
32412186,52
768736,79
1366240,0
21519395,0
14360661,0
12248673,0
21423629,33
8637815,0
30332223,0
14263516,0
14732610,0
8120953,8
11600899,0
1524060,1
31409686,25
1749659,82
25157863,108
33046667,0
32269014,2
12595181,0
9713916,0
44347774,8
37810653,33
22358511,0
9816691,45
8892060,3
1978089,1
4074279,0
31138070,0
20682098,18
13728108,0
10587201,126
18336451,51
18404198,7
15886187,0
26208951,2
29496751,0
6226786,258
24329427,0
29921226,0
28574751,0
24088595,9
29152631,35
31876751,193
32468514,0
90787,41
12152795,0
822814,0
17687420,7
12964813,2
13456699,0
6579917,0
15460255,0
11651028,0
2937939,0
662158,0
26294633,0
17237975,19
32277927,12
32768092,0
31010153,0
34358025,0
15752803,38
1419926,0
37315198,0
43459834,0
41544212,0
37662520,0
42467953,0
29547158,0
5718757,4
2200387,0
2245549,0
660406,5
30115068,0
27870805,56
20801267,0
30284331,0
15996875,0
10214202,23
4180709,2
11422306,0
12868412,415
33931925,2
3277438,169
102273,25
37595264,0
2909101,5
29740499,0
14353166,0
9641994,45
12349485,0
20458027,21
17592409,9
51327,43
2171010,0
11153941,0
24255649,15
7206849,0
16172954,0
33976912,1
33294388,0
2562980,33
31736914,0
29152,0
42826619,0
22076943,12
26428573,0
2389412,0
2487058,0
12347274,29
16039423,9
17326952,0
6053885,0
31472040,9
23157839,0
18869969,0
24965336,95
8649141,0
14394133,6
14776864,22
3927103,0
20506718,1
30399535,0
16159573,0
8998300,56
10357062,0
33898599,44
21221616,0
32778004,1
3830017,0
1691092,0
3381769,20
17614540,0
944354,35
3974201,0
12816628,6
13485187,0
5394681,2
5552615,19
1396892,2
7022311,99
6442,0
21832413,4
24213116,48
35331638,78
2716553,2
7321476,0
41022859,0
25655734,0
26963973,0
16193728,6
12449653,0
1807791,0
8115122,0
3328698,10
98612,0
9847676,1
4202734,25
7692254,0
23932558,62
4247864,114
37460720,0
2829434,0
16021535,0
22382381,0
1372801,90
37165314,1
11345126,0
16542478,11
18712617,0
31063646,0
24425723,0
10296996,0
11343286,2
30714120,0
8267506,350
17281777,0
9236323,0
2369561,0
14950022,46
26261556,74
37137593,1
87488,0
14981302,15
2423102,7
3809766,0
581,3598
10800926,0
9601684,1
15106226,5
11840970,5
28488843,31
705829,28
17280503,20
13873347,17
12857640,10
15115446,45
30471707,0
7338619,15
26021441,0
12916284,0
13390193,17
13589193,84
22052433,530
4860950,757
22248768,8
29735084,0
37447039,53
124797,0
14353673,27
34914656,28
13395608,3
19846191,0
5479729,0
15961737,0
30495706,64
6257637,338
12442153,4
24720487,0
9232119,0
16045856,0
29705006,1
3937819,0
3818205,3
21097362,0
3858710,22
17688383,239
4564098,0
31188594,58
640661,0
22361812,1
1621950,0
1007224,47
12294576,0
43300280,7
6968018,2
25952507,0
29201517,56
17657147,4
8415920,2
5587185,11
17000061,56
14323197,31
4493720,2
8757133,68
30181021,16
12513041,0
30569021,0
29127780,14
8497843,61
11423192,0
32967046,0
18756242,0
25703,1
5548817,10
36291703,0
18070,2
17866211,17
552857,0
10460307,0
29634452,0
23544622,3
26014963,0
20313114,0
27423847,0
15921542,0
25865460,0
1025806,0
20375154,19
27669160,0
16471458,5
486892,6
12996089,0
7157116,541
14991158,46
7647942,0
34496287,0
34137049,0
9437923,1
1925643,27
5539297,0
22745451,0
31028048,0
13822268,0
19007397,0
31464900,53
16738862,0
16165313,0
5693334,56
21310297,108
29157052,200
12283366,0
21981,5
10832960,37
12539407,0
24926847,4
11468911,265
30904947,6
777556,94
10733432,0
48599,0
17396624,19
26703693,0
29655904,0
24248560,0
988300,160
17744368,5
12299507,0
4094651,8
328167,18
21303050,0
29002802,0
12123046,0
31362798,5
10532753,156
6615283,0
2783720,1
31904396,0
11733783,0
32558773,18
29007121,0
4733604,26
3786090,9
12152073,5
876650,15
10276810,23
20091336,0
30943409,0
25811811,0
2798172,33
11663370,20
4933317,0
2772891,0
26972869,0
15833356,65
31507091,17
12701398,86
3546258,11
32277043,0
33441599,0
9156500,5
13571777,10
13640105,9
7214378,38
10826210,2
6445189,0
24018872,0
12961285,0
29561331,0
9756221,0
4775557,41
13433038,0
133127,9
28254438,0
18471470,0
892339,57
29818581,0
29874438,7
8388842,0
35378719,28
11665906,79
20159194,0
39248445,27
27025610,25
8426318,14
14071366,1
603456,1
70575,80
18951700,55
24950450,0
8383125,34
30483376,2
19260484,15
4738045,7
215102,127
20733371,0
33194283,3
37102969,4
33492143,0
10749161,6
5701250,0
2678912,0
33590143,504
24495734,0
8652665,0
2342058,18
29308503,24
8356334,6
10128115,0
20188183,17
9549336,8
24735888,0
7959031,15
698857,19
18366806,382
32125189,0
31824708,2
29263580,23
11802600,12
9846197,0
1349508,1
23723251,0
9776835,151
27697391,0
5386729,0
14258634,0
17218685,4
3978219,14
12176363,51
26732320,0
12725901,0
29213196,2
32010625,30
35578648,110
34144606,0
4237486,82
39575584,3
22346739,0
665528,15
6928745,8
20734043,0
14032589,0
19469915,0
3817479,0
12377446,0
15158754,3
11296209,0
1509288,0
18737158,0
12446003,4
7662562,0
4535077,1
21921633,473
12141511,0
30921829,0
146928,81
7753647,0
34373913,26
2412863,0
44149664,0
2965780,2
8090348,0
4931689,59
31402548,4
1547163,0
124714,0
2763847,12
11354855,1
57086,0
6467042,15
11668996,0
828807,1
7752442,0
2643081,5
24583560,77
15959799,0
15700170,0
6249409,3
32451170,8
32955906,3
3760989,0
5105331,11
7830137,0
14779185,0
23570662,29
17782897,133
6570961,23
28802060,0
6018696,0
41544,5
9549136,0
22017552,92
28471445,64
23365859,0
7719774,0
21547291,0
28701088,6
25871,0
10658155,0
33948378,0
9734869,0
87110,3
39823942,0
19414914,0
1179015,275
15682981,0
12674496,60
22157610,62
8699286,0
29182795,3
2703340,0
3671217,7
11116144,2
150224,57
29569593,1
21772,52
35134205,0
4943223,3
33359069,50
111086,0
34746288,9
32877625,287
39963995,0
43194568,0
20402925,248
6547114,127
30879637,7
24945712,0
19077799,24
21444079,68
30669755,0
16423830,0
13873039,6
11625968,3
14745257,1
7691627,10
29220036,0
21533915,7
5738532,0
14731996,5
32128312,1
31749684,463
9978081,0
7168464,4
34833847,0
3262410,2
41221573,0
11568156,0
156829,12
3378164,13
5930483,0
9551356,16
9927053,40
9569644,0
344570,1
11277246,0
3619158,0
40537,89
15160341,3
28491834,0
27105204,0
415132,100
33535738,0
32213893,0
8845269,24
36593203,0
3754858,0
31275487,0
4368355,8
21781024,0
6934986,0
2651187,7
1973207,0
15975733,55
4232304,0
15868272,12
22091817,3
5676377,0
33300388,0
12453826,0
3437205,4
25068144,56
21575880,4
6493611,1
9456506,0
21621,2138
1447022,40
9182800,5
13541563,0
21785981,0
1371575,0
16173599,1
31666836,0
25944,73
27810559,55
2734188,3
31628282,1
8100234,0
37411991,0
33966562,0
15190023,0
34639656,0
1998122,199
35083989,41
30994563,0
9582296,33
12772519,6
16610266,83
68192,65
18826844,0
12301204,0
10805556,6
18879980,1
16008245,17
35894934,0
41408054,0
5591110,170
19089892,1
27539321,6
30036627,0
12308933,0
13715675,21
31241203,0
18281626,0
18386773,12
12780642,0
18051350,14
11290098,1
11856075,1
16550344,1
19347264,0
95317,0
16531573,71
20896014,5
35968988,143
33082065,0
8466188,8
371018,53
6379293,1
21180361,0
11637372,0
17584741,0
17323658,0
299176,3
8309452,39
9706582,3
90583,1782
29932773,40
1454032,0
16454060,163
8105792,393
10150140,496
12737286,4
17608120,0
17714688,0
31867235,12
3194173,0
166760,139
322391,59
11793729,455
7385642,66
30049597,212
12129669,0
11625329,16
9409450,0
30354777,118
16216330,0
3788173,0
33578729,0
37389621,0
13380740,0
165048,1
33535075,0
39383310,38
29464791,10
26180737,2
13428962,27
29503584,25
13062443,28
17402878,1
9482743,0
23490976,11
22421354,2
143127,11
149441,0
30413542,0
35446135,1
15910544,111
5415431,30
1489972,1
37969253,10
16160771,78
30320973,0
15280533,29
11306458,0
17958344,0
29111852,0
31154437,0
130981,8
24309481,27
18907133,0
9971215,1
23673090,45
25195709,0
28097821,0
29140362,29
24920868,0
17599375,64
5000838,0
3985830,43
893756,1
3648199,3
16808446,0
34574287,0
34955420,20
32728700,0
9156727,58
875585,17
27710,0
8534057,1
11831442,22
3899128,0
31186839,20
22183409,2
25816953,9
21720057,1
10517247,0
467896,1
29744221,0
12934814,66
3544255,1
9397837,3
17077878,0
12213340,47
387213,1
29116838,0
7882639,0
207877,60
17195182,1
10202991,2
25443109,0
13602981,16
8920758,48
9774,46
5751853,0
17744824,5
15037771,0
2698316,2
26071520,13
12620873,0
8936909,8
35540373,0
156199,0
22325942,0
23940695,0
4406595,30
28135469,0
2782041,0
29975693,0
3036938,5
18097910,2
14975775,0
24285633,1
23489747,18
10949979,43
27575361,85
22085858,2
17642355,0
9343592,21
10980928,0
39579585,13
41102997,0
15492993,6
9038287,0
7364405,0
9989261,25
17811639,15
31037396,1
17857162,0
26098720,7
7196149,5
13112172,0
20476968,0
227290,58
38307,0
28960503,7
20697130,13
20380784,0
10428245,23
27615113,36
9770916,97
29087818,112
21952812,0
10901744,25
3229862,0
5939696,0
15115012,4
3235578,514
13147432,0
1952393,88
18080735,18
9119575,283
118997,4
19041902,53
6150348,0
19772710,6
8487282,55
33005242,0
3206766,113
33655283,1
41865,0
33448947,0
14773244,8
12661852,0
7972494,17
5942315,19
12402955,0
9405273,0
17376917,0
9808012,1
6895604,51
10976512,0
18472916,4
5888011,0
10390855,60
95043,115
13410835,23
16691655,0
35834588,10
88082,0
36715640,0
77384,0
717244,0
7121522,21
17085723,13
6570464,9
17147907,32
26721585,7
24925142,130
9166718,11
11685118,0
8172580,0
12302072,8
1614373,0
18905991,0
6264332,9
16031001,0
39107,5
32434675,0
42490943,0
38768923,0
38452360,52
29855273,0
24793781,0
12737068,0
6947806,1
11398862,29
8069981,2
13753902,34
30200842,114
123158,0
6578128,47
6022674,19
145576,0
7941933,296
8193594,39
15263746,4
24994144,12
9588061,1
32797430,27
35802745,0
13426096,0
29213177,0
31247509,32
20542805,1
4753138,7
948678,1
16727071,21
13136941,28
19735321,0
10834804,0
10856357,38
13481995,0
33553542,2
34116125,0
1436274,0
6276305,0
2258946,1
39581768,0
30485214,0
462571,0
7030958,16
22145776,0
21717318,0
26996240,356
25207533,0
31078987,1
12816319,3
21353511,10
12451382,0
18620926,14
12606287,32
12473241,0
674702,61
13963359,0
15617205,2
27725074,0
12807586,31
5260878,258
24307621,0
18874488,21
4627670,6
4799753,61
32030316,0
32088177,0
35630850,0
31908789,1572
13366843,261
43391078,0
39890208,0
42921025,3
30732191,0
8852438,61
7304822,0
12902210,0
21420143,110
29801194,0
18570016,2
13790734,0
19042216,2
12616383,0
4330736,18
5020105,12
27767268,0
11174115,1
18150489,7
29127616,13
34518359,0
9639875,63
32200368,0
11352559,0
38472500,0
27352499,0
6102821,1
28686295,0
7379527,0
9012693,0
27987947,0
18100476,4
22130730,100
15632432,7
8491322,55
1978560,8
12292286,1
27047006,72
3897928,14
7181,2
2807002,0
125823,42
28701009,0
436571,0
18852062,1
14358017,3
7422020,0
32832871,9
37348197,33
36665933,0
5085207,0
354645,0
36198119,0
10860802,0
19138503,13
29986481,0
5381167,0
31054496,0
22787,218
16971674,0
8846869,2
17780969,0
15112199,42
8497488,0
27575853,0
8191633,0
18831749,91
37536038,0
37551037,1
27557556,0
5095409,8
44266520,27
18002,43
12405528,0
4696739,1
31485575,1
3134088,0
6936402,1
30638310,0
27629491,322
7923049,62
28102301,0
21966003,0
2258275,0
225703,96
16732604,796
30440118,10
5868206,0
61494,5
133707,0
4515708,10
10143730,60
11052424,53
10078339,0
7383191,6
11605781,36
13816071,0
17779534,0
12526095,0
22901715,0
10058944,27
434251,20
13027420,138
24833827,2
16144086,2
35044306,1
11204413,338
36087200,0
38940144,1
39744753,0
42203706,59
11014014,5
7813888,0
4794427,53
25987247,0
17088190,28
28757579,0
29144571,0
12467224,2
1490434,31
29904208,27
24934907,0
30285278,1
15846630,39
9803081,23
12257652,0
18848120,0
7838261,7
14940513,69
10326811,29
882182,0
9495781,0
32014541,1
5460458,0
33362468,83
36262800,0
11293447,0
32584467,1
1808108,19
31127777,35
13428369,1
18947876,1
15152313,0
27148130,2
7768162,26
13148941,4
3284396,0
26096363,15
877012,2
30140479,0
27395932,144
1005183,3
20088536,0
12209404,0
8398661,2
27355984,0
10888429,14
142294,0
12618129,0
9557068,27
311276,193
14435979,5
5380597,48
35947783,0
34611442,0
2981202,0
8899899,6
24137519,1
14532124,0
16168791,0
5272574,11
25061412,3
15770926,250
28132354,31
10422870,0
1917517,0
10613873,6
13627520,81
26636228,0
2338457,3
27295599,8
37441699,0
18630444,0
7186126,1
13851375,0
1966075,0
2668028,7
33845363,0
32610760,50
755003,5
11633149,0
3442842,0
2366139,126
5386283,148
20050004,0
114610,79
811223,45
9013392,0
26459251,1
8785,246
24570021,43
20470521,2
12075993,29
4029302,0
12691699,0
10569046,25
32000114,2
3383285,10
40539255,0
42340619,0
16928413,0
4020217,21
28348499,0
24940822,10
5391958,0
14476317,0
13468225,0
19556401,56
23680170,1
18642395,0
15575230,2
52655,0
1919124,83
25858971,4
1925478,375
17084461,1
16633386,90
2839849,23
8891600,0
7649826,3
14485385,0
8793882,0
4083437,0
32127911,28
34961855,14
30657931,14
28098352,104
91174,52
10072001,0
12642926,0
5228495,5
595633,0
10491058,19
11620019,241
11065400,4
11930016,0
24534038,0
17112281,2
13777089,9
279716,0
7411692,32
31555494,1
13739148,4
6843759,6
17110725,44
10511942,0
285997,0
27189441,23
29991589,61
27679916,0
12344718,0
34552785,51
169564,55
4824943,74
26179168,0
96401,113
8831272,11
14884455,0
13749833,12
11077982,0
7837640,0
29813847,0
19586844,0
8063433,67
15437580,0
11736766,2
5469478,10
13338450,12
17575876,0
15083167,0
11712096,9
26885732,23
21187110,36
33881374,0
13106532,0
24478677,0
31630389,0
16966226,1
13615815,2
12330178,1
10562158,7
7077606,0
2887528,0
17084259,1
4030634,7
31630002,2
6837061,0
37468666,0
34503774,1
34076173,0
18947343,0
32975024,17
975815,0
29636758,0
4701329,8
18917296,1
7757037,0
4895266,42
10957694,1
6731624,34
30975065,0
101800,2
22103837,182
15007282,493
9193788,0
30604088,0
23622280,0
33519091,0
35657899,9
12930225,0
24247291,0
15530706,0
10953301,2
22083092,0
27682420,69
28317997,1
11807334,10
28895502,1
70101,71
11098636,24
11203443,45
38567,15
804267,0
18096397,0
16232045,2
13947312,3
15156228,0
37279113,0
32969023,0
1997698,331
10739492,0
4117350,0
1868115,0
39033206,0
39965869,1
30698727,0
8777551,0
14538118,0
7002205,0
26052405,0
15088262,0
9951736,0
5156013,0
10079854,62
11648517,4
505710,2
13693738,15
21098300,18
18946091,0
2697494,0
33139674,0
37484466,22
2747708,5
27978,0
14976205,19
8494831,0
598741,1
17181105,0
16605000,0
2527948,0
20757563,9
5814056,1
520533,3
13748458,0
27757733,0
10381019,3
15236259,24
8852933,5
7037001,61
37740034,0
39963557,5
25047701,1
4917438,0
15550381,0
25887783,0
5866173,0
19128017,5
11413936,0
4146049,0
11105398,8
16121691,0
32118476,0
6752584,0
8453456,0
8535660,14
17580941,0
8105861,0
3526441,13
17746465,2
12750091,0
2824920,0
18201889,0
28018911,0
213043,3
11517555,21
11131924,0
31341079,2
33160479,42
1921858,10
5354424,51
9574173,27
33881549,0
32301410,6
3598397,0
22068714,25
24954090,0
9275956,18
6512250,2
378700,98
21941871,1
31436274,0
27638675,0
5388363,0
13700242,1
5030178,200
872006,0
10137586,0
28515798,70
31747106,0
11062445,0
32212848,248
36227811,0
19807468,0
43565395,55
30220279,13
7609217,0
12416088,1
31230032,0
21162357,0
3901917,65
1476250,0
14774331,0
9695566,45
31673103,57
3463406,24
7546717,1
11080682,0
10568366,0
17332086,0
42125248,2
42929184,0
28153185,0
23364862,2
9875511,110
9768008,22
31310688,0
3807964,0
2286573,61
30418607,76
26768744,0
24195984,22
17307819,4
12335529,53
15169110,14
62288,8
9376756,7
33419130,0
20246541,0
27725685,17
12094914,565
32249861,0
5985052,0
39649177,2
7299855,21
4939182,0
11355551,0
591724,0
18407498,2
17406048,0
9554915,16
8081185,0
35801395,6
3477514,0
31714381,0
31265452,3
31279731,0
17575556,22
29061970,0
13827080,0
16879522,25
13148643,20
26587526,2
70620,0
7198993,16
5022489,0
10239686,4
21718512,76
17935607,0
585866,2
2313654,0
775742,0
35306757,0
6140555,0
39535792,35
44000832,0
41103940,0
17178050,0
12308657,1
22344858,0
18073213,21
18220240,0
27272454,12
4195670,3
5773682,0
19854658,0
20101681,6
9555857,0
22057740,17
5898102,0
7658346,21
12281496,0
22116236,5
32778300,0
32841669,0
35461675,183
32642161,0
38480670,0
43974222,0
27809283,80
2663925,2
11194954,0
9880417,3
17430750,0
5720686,0
12516909,13
29845581,3
30393095,0
5712511,0
12170698,0
15856791,153
5071036,26
30488293,0
135686,0
6420988,15
17418800,1
21277626,0
6708562,4
30865750,0
31292325,0
25467339,24
8587382,0
13707899,655
12495859,2
23165175,0
34335068,0
9010262,66
7454695,0
13761657,3
15915074,54
31209028,35
2373478,0
84469,20
1946361,0
13976852,0
6535694,0
3029984,2
30346329,0
26899953,34
5185099,1
11552308,196
7149,112
17305148,0
5008179,53
6429758,1
1616307,19
31971786,1
14628255,58
3872513,28
38823454,0
43690466,0
18041070,0
183891,1
2367175,84
21054255,15
29925890,2
6089133,3
10641804,29
315855,0
141515,0
7205033,0
13099309,4
3598535,0
25815753,67
6274256,0
13675022,23
34070742,0
35437200,0
86871,185
14011908,0
7934714,0
26976588,0
22410572,1
8876582,5
7537926,0
31662846,0
5551044,0
3969941,23
29416,213
10394406,7
13516553,64
35512335,126
33388322,0
34794693,3
32694044,1
36547314,3
10505169,0
246043,6
35399,0
44352856,107
43888443,18
17980132,0
18614000,0
9848347,34
9421788,0
1366592,3
12185772,1344
14385171,0
20699565,15
2411055,374
124910,215
4686027,0
14980789,0
13105140,1
7850842,52
21655763,0
1685638,0
13666023,8
9408427,0
16005683,7
35929602,0
36292650,0
36683079,0
6303670,0
10711,7
9319498,0
33890650,7
42037525,0
15095162,0
27958745,0
13130856,40
24142347,0
20840733,71
14704669,4
314959,2
5320021,32
3385256,1
10853720,73
27429201,0
72978,17
22059614,64
12225142,1
5395631,4
15846208,55
1600367,0
5335859,5
41034175,0
12587240,234
10792511,16
1504264,11
26813021,0
4638110,11
4460302,54
7559048,28
28537853,0
16470060,0
19537288,0
7658510,0
31352602,0
32141429,23
33882840,0
35657821,37
8671624,0
8595840,0
199104,23
21570230,44
154854,60
6779236,2
15409065,0
27408632,0
28174605,10
2287254,203
10164723,1
7742085,26
14128378,0
6314065,39
13375721,11
15977385,155
17623297,1
2410167,0
34429182,48
34029946,79
15853596,0
6976114,0
5525924,5
36749816,46
12136875,21
313203,5
41575779,0
41249051,0
25526180,0
3500110,22
30776503,0
8619576,1
12510775,8
6609862,4
16544728,0
27791950,0
125897,1
2460605,1
15134592,0
10366466,1
4014055,1
29897711,12
7186112,12
702708,6
21162204,1
8251731,33
3756693,0
2475935,0
34087017,0
28298901,12
5356707,0
21788460,0
21028067,45
4901959,289
1016488,85
12878397,3
10879820,0
13758026,0
24584401,0
10573632,4
302910,147
31494921,2
8548096,0
27357487,0
2474418,0
35622005,3
32213688,4
10804004,0
8899063,1
25629644,0
3815110,0
7810991,0
21646104,0
23645678,0
24551730,14
544605,0
22068828,44
9720752,0
13703062,166
160251,313
12799396,383
22104453,11
12167694,2
44211852,0
37874647,0
43152526,0
40079387,13
14827948,0
15190493,0
9188751,12
17184076,23
26474083,0
25092386,0
12170184,0
24218623,0
29241862,0
46168,569
9733653,0
21569326,40
2509000,0
10747067,2
12492679,313
1882710,4
26178304,0
13844619,12
21123205,0
31463345,0
33944888,34
35816813,0
8126852,0
4436997,0
36852486,0
35113370,14
36190624,0
43273551,2
38146121,0
10550567,0
2855184,37
25391241,0
13423904,0
11352385,48
12141312,0
4432668,0
28346191,2
2952033,0
12376825,1
12436119,1
13058589,7
24951081,34
10435813,0
12881541,19
20157391,11
32693119,0
7365650,4
12099592,0
6589824,0
2762242,0
38666586,4
24461195,0
1981235,0
13539942,46
17595223,0
9395071,6
6537466,545
8137658,0
958400,1
1027572,0
19600300,2
6075127,619
12596621,2
316285,17
12707048,0
37457157,1
35035968,0
6809589,179
39119961,27
10884876,0
13793436,0
16286724,0
11490298,0
25216655,3
17770637,0
2881824,4
26305503,47
28412087,0
1570601,0
8039363,38
1013335,0
21564822,0
1608596,2
25176419,0
255059,2
5629883,15
8729544,58
12222999,67
36973736,0
35812350,0
7730282,4
6498443,0
1619828,8
7182076,0
9865303,35
28928471,0
10799277,1
1524865,0
31584359,136
27667332,1
21803190,0
10312907,39
20622797,47
32476940,0
131407,0
681137,30
624730,0
32183355,0
41950626,0
20446649,0
12446079,9
30780272,8
21518676,0
6043301,147
27296904,1
20314794,0
4375816,188
9257404,20
9450591,0
2941175,0
4976645,0
7627730,12
12578764,19
5028450,7
36533392,1
10886990,0
28617522,0
7304158,0
27029628,0
8560288,0
6018514,30
6368224,0
22050836,0
12788661,3
25236688,1
11307819,0
16174801,0
12333,886
16844055,0
11191983,8
5529446,230
25226875,0
4636082,220
10418552,1
11622138,0
9053580,0
15545546,1
31755757,19
10317922,0
4737476,0
34580236,0
4976213,30
13824123,0
12774731,0
10179435,0
5545195,35
9276619,117
7082276,0
28556321,0
23488903,0
17002761,1
17536753,0
8958703,493
27119159,68
759579,0
12277272,0
16240982,1
11844999,0
10996483,1
6614,284
34116206,0
28040721,0
16011538,8
174947,26
3496285,0
36887747,0
11737,43
38077133,4
30858254,37
30502932,1
10511547,0
29105122,0
470083,0
740937,13
2308970,0
15749506,22
18032790,0
30858002,0
22103464,0
30159095,11
10565199,1
12963493,27
30105617,0
29075357,0
35285142,0
40556612,2
42290389,93
9417183,3
23499871,0
12153694,8
23548140,0
118904,0
17739012,0
28271891,71
29279262,2
17036111,0
12735400,75
13684523,122
13989519,0
13505253,35
27361018,0
22096835,0
25855333,0
4678677,0
7880871,0
4602259,3
3636897,54
27100086,0
31587397,0
12142424,0
2625895,50
366484,0
31962345,0
36061298,0
35443686,5
33913309,30
910193,0
4473359,33
4128418,10
12114636,0
6897352,0
25574127,0
18455112,0
29294844,2
10304257,0
7616965,24
30468941,47
15290968,24
25857104,2
9900,21
16346715,0
12152159,17
9980800,1
28352351,2
5365755,0
13112497,0
181353,156
24617828,0
37108588,0
31410272,5
29964252,138
34755790,5
38640140,1
40716110,25
22161724,0
6965851,16
11858412,0
19595959,0
13442839,0
11171940,65
9014624,0
279697,0
660993,156
10028872,0
3279278,1
16726863,34
15443216,7
35406,248
10542250,2036
32969864,37
4745726,0
7093470,0
31934259,0
9084116,28
27516361,18
27793568,1
29011225,2
6176494,0
12415874,21
7363239,16
7604853,0
1408171,18
17083678,0
33569482,13
122728,1
34324490,2
15268792,0
40623236,0
37915016,0
37598852,22
13727111,0
12560047,11
7693818,0
8251763,34
14501969,0
15092797,1
14051028,0
29946344,0
1871824,65
31449029,0
11851323,1
8594432,0
1176626,0
14433483,5
20549775,961
10904241,7
34432261,4
36650847,0
11056602,0
6907286,2
19650495,0
6019303,1
10211884,0
9639267,0
7307135,47
23872464,10
27115631,7
19168088,8
404148,9
24590732,100
7320301,60
76849,2
27459481,0
22354560,0
27988490,18
29028575,0
26158107,25
9729385,0
14078159,0
10977932,17
24856380,0
3073106,0
5159778,0
12444941,0
39983,213
24890162,0
11550931,1
28304230,0
19834356,94
7559312,249
30375559,43
20176363,0
30936267,1
9401518,22
19287117,0
29564529,66
2312886,0
29538249,0
27741366,140
17469320,82
14288166,0
940053,41
21550681,27
7643323,0
20287626,0
32547961,0
2654345,127
19955073,0
8599371,0
2821329,0
10487799,0
12420993,0
811944,0
12720034,3
9690735,106
30480227,31
26892821,0
2889,231
29128020,32
1957746,115
2890871,10
20353094,13
22355607,0
32473066,0
34670507,27
6230885,18
17154398,0
35975467,23
31993574,9
42306086,55
41024421,0
23482972,15
18484138,32
5194168,6
17473956,0
549433,34
13965944,0
21351772,0
3342104,33
3628989,9
1504302,53
29970665,3
1497107,65
8614378,0
21414171,236
6305258,0
9398293,1
32119896,0
12755700,0
683568,0
844525,2
1542566,148
13621969,1
12397356,1
18066510,20
16876201,0
13597951,0
9620467,0
25535509,3
31425030,0
37444660,0
7024896,0
36504471,0
34798856,1
34834443,26
40558610,52
897001,0
975425,0
9480824,0
4484772,38
29717830,0
27256724,0
12883153,0
8507938,11
739360,13
797551,0
12016787,37
26789757,0
21446796,0
14795089,14
9777269,0
5827976,50
295322,0
34078990,0
32537935,31
1269943,170
6679292,0
34395738,27
425140,0
17359965,0
31690396,0
3879037,46
11667667,1042
13648916,0
17183581,0
5546467,1
20005549,15
27583890,2
17023241,53
1581408,10
17151722,46
5050972,0
36186254,1
3716003,0
7821081,0
5658647,0
916583,0
42161967,2
24119269,84
19425364,0
31577317,0
4529139,12
5890559,15
14550411,0
29016678,4
27263119,0
12498517,122
19807866,14
70598,0
9801465,37
6821092,27
9548540,1
664591,0
21840854,9
16825254,0
3525501,59
29736882,9
17909355,92
8089118,0
5462527,0
21219730,0
34209947,201
9630559,0
10453559,42
6612295,375
7931134,27
11769199,35
10382,0
11151262,18
9042262,1
16173366,0
16441990,1
12628161,47
9794651,0
3040927,0
20172667,1
29198561,0
8494769,7
21929129,77
15993022,0
20007550,2
2852646,0
26758885,77
14076394,28
32945559,1
10575996,0
4945897,7
386013,0
39992842,0
43744092,19
5596606,6
22214347,72
17775044,0
11059890,0
19860606,13
12381415,0
6449099,9
5626176,22
15144500,3
22073011,96
1963776,172
27375266,0
18802562,1
4431834,0
20240015,5
1430842,0
3687918,0
21141138,0
4514946,0
41173570,94
39709683,0
3049181,0
10215855,0
15147248,2
98643,13
6335766,7
20767289,0
10790294,0
20311352,63
31284229,113
204095,43
10808982,0
31568964,40
5189935,35
30379096,14
4325276,0
30149433,170
18843193,0
15550781,0
34372586,1
9516550,0
36825535,0
16712892,54
27832185,21
18690130,48
23615123,1
13057149,270
14799197,1
1880276,0
28769599,0
22796824,0
31674487,154
14079,0
1925402,10
6776744,4
12343385,36
9557781,0
31338382,5
37339781,0
17259186,3
34997060,0
6055356,336
3589285,0
13432391,2
10826202,0
19622527,0
17416257,0
16656992,0
632847,2
30504789,0
7600974,0
12560865,0
1637147,0
30308040,0
23621619,38
10377977,92
23692201,5
1880414,4
22078804,23
497180,2
24919975,3
19442998,3
36295070,0
13045947,0
37195320,6
39981018,0
5431195,1
27010253,0
8131453,1
22688209,0
3604251,51
17869793,0
27874577,0
8205954,0
10014667,0
14896623,32
28411818,0
11718454,1
6411120,0
10585382,0
31937611,0
33256435,0
41222082,6
37721587,0
5825857,3
3320788,19
9949542,23
18316017,0
4530847,0
29088776,5
20284381,122
2867743,0
14168014,0
28148012,111
35030987,0
5977394,0
18047228,30
14585589,2
18827258,0
13725029,0
28223231,10
3854527,2
14325616,0
10865298,0
10089586,0
28768885,1
27731584,1
4060735,0
14658297,0
3584183,35
13631712,33
6385142,0
20613978,61
219996,15
1475804,1
34174729,0
259754,0
2261116,0
29001966,0
1115251,1
10442173,7
24951416,10
30738193,0
28733694,3
23995477,0
30330616,0
172056,4
331376,3
11223421,1
6127996,34
27721404,3
11647441,97
2404370,602
7577522,36
33295752,0
14025664,0
9907787,0
11435627,0
13547,5
9363338,0
30985793,39
31375520,0
29810844,22
28525228,6
90939,4
137128,101
5993630,1265
66745,0
3985541,0
10553661,27
13681949,1
33184665,15
14894764,0
11496238,0
13658378,0
15318494,1
8080805,171
9910585,16
13551233,33
123000,9
7214587,0
17893632,0
20314084,0
3570624,15
10521173,0
3801049,0
11209665,1
16993533,160
30445693,1
35561387,0
2291355,0
36282364,0
32582178,0
10594275,0
34798705,0
12968081,69
11724051,1
25415654,0
11754955,0
21518854,0
5714748,0
27587522,6
19322171,0
16921476,1
20149122,17
18450590,16
7088285,0
31061890,0
27390506,35
2422013,2
20173503,34
27711641,0
11087641,4
7089103,27
17306310,8
3100785,1
12338499,126
2788681,0
21914467,37
27288751,1
4113961,386
7214004,0
37184639,0
32905471,38
10411224,0
8730009,25
820151,0
44230943,0
5080991,4
20813627,10
3564791,64
3630519,1
2840725,0
22185515,5
8876353,5
27404103,3
26542450,0
30475389,0
4823839,2
34037176,1
4772165,0
32749970,0
42334136,0
7665123,96
20179676,0
19157503,3
20671849,0
12247500,0
15190035,41
5004613,0
22708841,0
13455046,1
26739533,0
1503101,3
535188,1
11698432,1
1754044,67
487636,232
23880587,0
16217266,36
13703855,60
21974977,83
31453490,16
9470750,16
10483525,1280
12277978,12
32926516,39
35541303,0
36559483,0
36867286,0
5939021,43
32891172,0
30838358,0
5189192,1
13507441,2
101993,937
12919591,0
8043452,35
29627088,8
7672827,0
19830428,38
10844192,0
22239662,9
31546409,0
5331446,6
35238124,0
35282961,0
217230,60
4533400,0
29024,107
3540171,4
30866589,0
11166612,1
20792601,1
4079187,0
24909100,1
15495099,6
17979052,0
16293882,6
20567602,333
20915707,0
25265126,0
4165243,11
27744483,0
11192651,2
29811792,7
23508428,157
26003863,0
11631959,0
39568698,1
12469020,0
24932300,5
26379849,21
27377706,0
12984084,0
26940410,3
2738094,0
22356324,31
150945,0
2886512,5
20512227,35
6295653,0
9660434,634
5018999,44
563829,0
37805478,0
18237130,0
18193516,4
16895759,0
13070456,47
14030909,2
10514598,0
2299216,7
25087481,0
2209346,1
22073791,0
19404717,22
23846810,0
19406586,0
37416292,0
32918583,0
33000760,0
31834609,1
32635889,5
3795554,0
37282882,0
11332630,0
44560575,0
13710539,0
30865139,4
10524096,0
9696476,42
22426091,55
9769515,21
25128503,0
22353569,0
20181396,2
375729,4
29784424,1
10869594,2
14841897,0
17426520,57
15427991,73
2927019,0
3016997,0
36743451,1
9010271,0
4977380,0
18832382,0
3174,477
3201097,1
20724752,0
27812333,0
21784786,0
3758739,0
9166,1
20640060,0
29940687,5
12540849,0
864635,1
20271953,62
8363653,24
11183058,0
25635209,20
18511735,0
27705922,0
27381729,20
13808777,25
37066188,0
37297332,0
7255983,26
40770359,0
27798604,0
9171826,0
2341146,25
2846432,0
641787,0
28522011,1
11387856,0
29311751,0
7213694,49
14242180,38
19543082,0
14069997,0
1669463,0
21068097,0
12525125,0
27990835,0
22157966,14
6828567,130
28279263,0
16913507,42
1862323,74
42664694,15
39530814,0
18964092,69
11677683,1
16851347,0
19087382,109
29231135,82
5537973,29
10166628,1
327538,0
25078308,12
1397723,610
7340950,12
37193683,49
32586197,7
5680820,5
9093530,1
44085800,40
40737622,9
3485476,2
28614666,0
18323275,0
28536577,43
5150491,0
25843682,0
21703439,0
6924123,0
7544232,153
5308979,0
20077008,17
11013675,0
28300346,0
27548836,2
21405204,55
25193227,0
30287645,1
8621521,0
10957033,1
401258,63
36594926,0
12696532,2
32703186,8
9896221,0
41114734,0
42138686,34
21871921,0
4629942,0
29923931,8
14186380,35
15481410,19
20100864,14
30852342,24
3065225,19
36449529,0
35665794,5
10892160,0
9384591,0
36863142,0
217332,16
36375393,0
22221426,0
12435852,23
10835938,0
13500995,4
8773035,1
9750247,2
3374900,0
652962,0
28866262,81
13022493,89
16080782,62
4581762,12
30243887,5
25848013,37
4104353,1315
29131551,32
14626911,0
288094,0
20050599,7
32075381,72
34735122,1
12538743,0
10371204,0
38366357,26
43354484,0
9117793,0
22788508,0
15987714,20
14610555,0
25840391,9
5953774,0
22072469,0
391312,160
5881764,0
10306154,2
29794935,0
9160058,0
34502,233
6386525,34
886699,0
13433214,0
6939059,0
35835946,0
34525724,0
4918784,0
36680533,0
12873822,0
37732977,0
7472546,0
8041885,24
8490391,0
31654441,0
11692664,6
11313420,0
16478436,0
20606,151
20682396,0
29496965,117
35216202,0
11579548,72
5181018,0
21404990,635
49383,374
31480265,7
40776,7
19564834,1
9250764,0
9374348,0
23536438,8
22052359,4
6073451,1
18051481,1
21552932,409
13971384,0
31878500,4
32017788,43
6315870,0
31993476,0
356153,0
32888402,6
27491285,0
22135883,11
6837117,1
16526725,0
30197281,26
3994240,1
11092129,0
9794751,0
1532440,0
18698814,1
4911954,0
27667477,217
13056836,0
41973,115
2309690,30
33757295,2
34349410,0
6916508,0
7027587,9
8397036,0
39753500,0
11541526,10
16466236,1
22867853,11
6183839,12
17979591,0
27149011,0
8770055,0
4840320,1
1036992,0
21547236,0
10052266,67
28989762,0
6026338,1
30329157,0
82748,0
3723343,15
32090767,9
14369170,51
10847632,0
980905,0
9973513,0
23241736,1
19692643,0
4898873,3
6979,97
7110783,0
27545807,26
16038496,1
366561,43
2982908,0
19001103,0
440424,23
12135434,0
17479549,22
15758199,0
32788999,22
32870057,10
12487199,0
1942943,0
35283939,0
38849861,0
26047618,0
4280674,93
30057839,0
17193669,0
663366,0
4495765,4
364740,65
8571455,77
26588091,0
3908374,3
13149290,12
12281705,0
13891599,1
5889922,20
3634,40
10792932,2
28710235,15
3659835,0
33392882,0
15407124,0
37360290,32
7954358,0
8103148,5
34867574,0
29837937,1
15324652,47
9511472,13
2859294,0
9938199,0
1405664,0
25773926,1
6050129,15
11418438,0
3639323,0
165607,0
13014542,1
24953520,6
6359140,96
2818489,94
3200459,0
12666384,1013
9403358,0
1662477,308
17554847,2
5722635,0
11066534,95
31537203,0
13973407,19
3839453,1
27588333,0
7954830,50
34472702,0
32989603,0
36514970,30
13711265,1
8067164,0
3101625,0
86702,13
4242362,25
40630987,0
11206466,17
19798930,0
24625192,16
19936247,0
12306653,0
14685963,6
933119,2
7131774,0
31138220,0
2303585,0
17963849,0
12751670,1
6264660,0
12854685,18
14571785,0
37082214,4
13850966,0
35080617,0
31454843,0
27436094,21
8210176,0
30980609,0
25811637,9
70977,8
5494681,8
11515455,19
4124419,0
18484701,0
18307653,1
18354039,0
15762749,0
25244761,0
25657818,1
630335,0
27373429,72
1358357,51
20120624,0
20627434,2
26162439,0
1399142,0
1439955,0
149503,6
16217129,0
9556290,4
28975360,0
15105322,0
12677500,9
2936588,76
15265676,0
7584259,21
111014,1
19340439,8
213307,68
30908155,0
8813581,0
704786,1
208416,46
36530080,0
12575928,0
11389565,47
37626260,0
43028237,16
1905676,2
12272684,230
27159225,0
14575323,0
9775396,34
28929992,0
28427818,3
9611865,18
10772636,0
20861515,0
8041052,1
14372548,1
10304899,185
107069,195
12791517,1
17657453,1
12551060,0
34450593,1
18095541,4
13873602,0
10783986,0
14759199,0
27187199,0
13919142,6
13085106,0
10763778,0
9637389,51
21888635,63
16199524,0
9821753,0
5101571,0
28260975,1
7288077,51
16500603,0
29181387,0
19605671,0
25075397,0
8633192,3
10907545,0
27654003,110
3650122,40
8490627,610
33250556,0
34340093,0
4128617,18
27766043,1
42390285,0
42027791,32
9084841,27
21778424,4
2825407,0
1476702,149
2680657,21
27704645,0
25755826,0
23883319,1
28940949,0
13386659,0
568192,0
8861958,0
9129131,29
12325475,0
4713117,0
15872934,51
221443,0
32902832,4470
12806205,0
4969504,6
28909656,0
15475833,2
8303912,4
28308913,4
3477101,1
29569273,0
2650332,1
11329901,0
10157218,0
10811371,0
1145460,0
32345119,0
16699208,0
29117982,0
2800293,22
32752709,8
22739180,0
378325,1
11392537,0
30811785,0
20256194,54
12535408,0
26052920,5
15745863,16
25800232,4
16498845,49
9910625,0
1654282,0
19200401,110
19265383,10
5926552,17
11440357,0
6835960,42
1365791,10
8098391,0
4249899,0
15539533,4
1924547,0
28369467,33
13947266,0
12264725,1
29664804,0
12222932,0
10023802,0
10384136,0
15792040,0
12484226,8
34850,3
13085625,8
256338,17
37482930,0
32783691,89
33232163,1
5062510,0
9004428,20
9593004,40
43553422,27
27485172,0
7257265,1
3306101,14
19751333,0
6091573,22
7106211,0
5938371,0
5849614,0
27182986,0
24149686,0
5987910,0
16683031,38
20084792,0
22240348,0
6926370,8
31447024,0
258025,4
8259686,43
8630812,46
42446,878
56426,113
14635246,11
11607772,15
32839972,28
33324593,0
8228671,485
3284720,37
10128511,0
11852200,3
9026398,11
314879,0
41631325,1
8834276,0
11033319,31
31559019,0
2853014,20
5905672,82
8428080,0
22099153,46
7404822,0
3447170,0
22261740,0
4009231,0
4596667,26
1416338,983
7066608,62
30769533,0
34688793,0
2973547,0
39480435,6
42805183,9
16994227,49
9709843,0
21376458,0
11163308,52
8614925,3
23358863,268
19552533,52
3950084,73
405198,17
22196586,4
25435581,1
2608359,10
21032970,47
27509062,0
15189624,0
27588008,69
20435227,0
19451863,103
6107528,125
34528043,0
3989129,0
34160408,0
9496256,0
231299,49
1377618,1
1436894,2
8004811,36
40301899,0
5830447,0
11367,0
6362094,16
1512268,0
18335007,0
17652553,1
9941577,134
49976,6
25703594,0
9309725,0
16800260,18
19662127,15
58389,175
41423138,0
12629032,0
24696190,0
25758043,0
10586817,0
26403531,0
4981133,0
12625504,15
348426,2
13639468,7
29822950,33
24695618,0
5810195,149
34991326,4
32225213,4
35690413,6
145752,25
30809479,0
30587662,3
25560516,0
18523483,20
9008133,5
20444299,425
84733,157
6728793,0
31191931,6
12116509,2
29987563,0
2771779,11
5192995,0
203549,188
34240190,1
20484752,0
18626781,0
5363817,28
23083802,3
8886659,6
2399807,36
13014392,0
6158745,0
793102,8
9608899,6
16971284,15
10825930,51
27372582,1
11310812,7
1376845,0
30474117,1
1617274,0
37422770,0
20283720,0
25198429,67
32234071,102
2305399,47
3572836,60
11027979,1
27461811,179
8100111,0
3451243,1
29896064,10
29916885,0
31375091,1
7241979,119
21598764,0
19142255,34
9347164,26
20274080,1
33595005,0
37505112,21
34064729,0
33340804,0
32963640,0
181070,0
16046388,1
35118477,12
5768201,0
6415785,0
44200211,8
43845446,0
40289727,60
25272463,35
30078102,0
7617809,0
5715859,1
15901009,0
28509087,1
29764837,7
8630396,7
2565262,2
7023274,0
26329886,0
3217817,145
8469140,4
16314201,75
9060573,24
7729510,0
15973018,63
31429775,21
32011882,2
33385684,142
20957432,0
107930,21
16915841,0
20042038,10
15990400,2
14635292,0
5379885,0
28401946,0
21532370,1
12639222,0
16705655,0
2547106,0
4351664,139
30486775,21
20035737,0
28011462,18
33071971,42
36333111,0
6025951,1
4273945,1
40125802,0
40985791,23
27383648,0
30426231,0
2196410,1
18392341,11
6489937,0
20179960,50
23096790,52
15812816,1
5403549,60
132407,0
18780489,0
2680867,0
23929404,0
15799609,0
33049703,0
33874976,0
37213376,26
58453,55
5810601,16
38618514,0
37959604,0
20328435,0
20257976,0
10792363,0
851770,0
574502,0
2657507,0
78701,0
5560417,10
6832230,44
31675960,13
12312265,0
11361196,9
11310200,0
28735036,113
15859379,0
12574783,0
17421686,14
12621506,0
11293401,1
831631,0
30408826,365
1470100,0
30905684,0
17305352,20
1525335,0
526069,7
15150964,1
43424,58
9070569,0
25556421,0
32745345,0
2984664,156
37099866,4
42652598,220
31612115,114
14051837,0
34903,562
19571762,1
11104528,0
2799364,0
22733972,1
10176740,0
201597,27
14542899,0
11376749,11
18220274,254
7431913,48
330293,0
19411937,0
31748512,0
35480111,3
11439219,167
8640283,1
37769186,67
26590570,0
24849247,0
5140016,0
27545517,0
10394640,19
22515062,8
14444764,6
9508053,0
15184603,4
13954085,0
17829416,0
11606167,7
19691196,4
4557344,76
15461460,1
25002449,42
1345283,0
24926252,3
13042928,75
1251235,1
32481413,0
30934399,0
10627973,0
5986094,33
32081990,35
5591896,109
231069,12
51231,0
12177883,4
5568906,0
17106319,0
3966535,0
14648507,0
2941438,1
816585,20
17807199,0
3242732,2807
30142584,68
14059346,1
8461161,0
17856682,14
33235476,83
35547258,0
16787732,0
36591500,1
36700682,13
35082947,0
15087735,0
3556703,3
32170998,0
40406342,0
37704031,4
41354919,0
30586112,0
16258153,0
7671138,0
24940463,0
30989747,6
16545,13
815849,310
13779154,0
9741651,0
17776812,9
1879783,338
13043200,2
231291,2
4376,218
257321,298
422536,1
955960,2
2767201,0
27538432,162
30310550,4
5662535,0
16438374,65
9940530,0
31618365,46
2815814,4
11421033,39
8578291,0
27843366,0
9425720,0
13061985,0
24121621,76
22073967,8
20198797,12
30842405,737
26875797,0
7332364,113
15503368,0
35691891,1
44070973,0
38155943,0
573875,10
24148532,2
142737,0
29798133,0
22450489,0
15241684,2
29187739,0
5007475,18
5157139,248
23064922,0
3826380,7
44415,64
2213955,86
31697244,74
18944695,0
25814837,107
19232060,19
15153402,0
8897525,107
36894496,22
38436140,1
39438483,1
28027005,1
9956513,0
4741148,0
22984501,0
177039,76
13124300,10
6669612,0
21937953,10
22199053,7
13874874,0
18791519,0
25961554,12
623608,97
27645164,0
12464675,0
31436646,0
452854,22
11007552,20
12252587,0
15609415,7
29665736,7
326702,17
36521114,37
35327217,0
13622515,7
6073153,1
35037527,0
12844716,2
14865183,1
5819616,0
12171908,0
9698848,6
29719896,0
11254142,0
17114950,1
520636,0
4126906,0
17487678,3
25354984,0
12252165,0
27652985,0
103776,104
27413161,0
15495853,1
30466350,22
30931898,9
16040270,0
15227882,0
32910640,0
7665787,82
145273,1
4198417,368
19983149,4
28112860,28
8497452,0
606980,9
19656992,11
29676485,2
14682816,56
13511182,5
20260367,0
5594610,1
4087849,2
34022021,14
36272287,0
7956584,56
5382325,0
33870656,0
8251796,4
37217829,71
2453594,0
2467390,1
17556842,0
25170577,0
7957086,0
11725751,0
14107518,0
21415588,55
5346335,0
28480042,75
27684200,0
996063,24
8475437,0
19224877,8
10824784,35
13099183,10
29843748,0
1373867,39
6448159,32
17388278,15
15386736,0
14153809,0
10311898,0
44775607,0
9703251,0
16042463,0
22756645,0
9744014,28
9229637,0
7343184,43
197182,45
22080381,1
150014,0
12583060,0
6840891,5
6450452,3
15898767,0
6498851,7
5187574,4
8290157,0
10560692,0
9900076,0
37185134,0
33027975,0
35451518,0
40739,0
8275915,0
3821359,0
31542290,0
11857401,57
24224229,0
22825601,0
25652871,0
18940329,2
7840487,61
26603883,0
30003976,1
15080314,6
25298403,0
12518252,0
2213109,2
16840842,0
1037,463
16207597,18
27705414,26
8332371,0
2483048,189
2148343,1
28530861,0
881924,0
4644781,315
37408339,0
32819881,15
11851376,16
2956795,0
17634074,0
12467907,0
10476188,1
11585932,0
2239308,19
919808,0
1713,6817
5708753,0
22075494,132
13030395,0
6915691,0
5718371,2
13720086,0
12259810,3
2366271,50
35128496,0
41747571,0
38913525,0
40364892,8
8823897,11
8272546,0
5417495,0
20994419,0
27428900,0
12307729,278
11168027,1
15854570,0
848964,781
2167343,0
8392061,8
20251846,40
3203159,6
5773,0
21667905,0
10114344,0
2818647,28
6465470,0
9704981,17
13603392,0
19231477,1
13700121,1
13789945,0
24497543,39
9372264,0
25618549,0
25178125,429
27442027,12
7371210,7
37466811,0
34414209,66
34038464,0
84938,0
11523712,0
26086825,0
7310637,0
1419657,0
38946373,0
18135111,0
53473,102
8397606,0
29201625,7
3817128,1
10758695,0
25117,0
6172169,0
2478406,49
12601806,119
10960281,0
20680206,0
1409993,3
81790,0
28982105,8
1583390,0
26897936,0
18826645,0
12452413,0
7546990,223
1010887,49
34426884,4
34433963,0
35952044,0
32643379,0
33089829,2
6325926,0
1036386,0
9987884,0
8144118,3
20015782,11
20863749,0
20687594,4
16060323,22
12175309,183
15230252,3
102816,0
5891450,1
3022906,0
21929932,0
60397,556
12121623,0
22483655,1
12970642,0
19385261,0
11277569,0
10866638,0
1840144,40
4047330,0
11846441,11
4653294,0
20762041,3
9420548,0
1371193,12
16852849,0
11426323,18
41605,5
9437288,0
28046951,3
11643506,1
9714177,4
32133221,1
3460272,1
7353507,0
13479123,0
33581273,0
32622,4
34479885,10
38923424,0
44133298,11
13971696,8
31100850,0
30831581,0
25834028,0
17134688,0
12376475,0
26689061,0
9733374,16
31867972,41
32049135,26
33119459,0
87295,78
35122339,0
38220991,9
39165312,1
41188217,0
40667261,1
43006321,0
8519615,2
1946428,0
8998781,0
15536039,3
19935555,8
4938998,0
12427603,0
10088157,250
18089854,0
11840199,0
24716336,0
14881246,0
14024163,3
1352305,97
30370813,0
13735289,16
19042987,108
31499503,31
6477734,0
35012239,0
4067332,0
731469,0
5718272,0
25186833,16
29382500,0
20873441,27
5083774,0
27927011,11
30281598,0
27600538,0
7713201,3
19745347,0
17295377,1
16913149,25
1363963,115
349201,0
29940292,9
19355930,9
31155453,0
30299296,0
22069692,69
7922494,75
30484953,1
30836183,1
17016081,0
28777614,0
21551257,0
16300838,0
9453699,0
2300381,2
9099087,1
5718188,21
26052544,0
11630541,0
12715930,0
2224431,4
16444520,10
424956,3
22312600,25
10869682,1
13477659,22
36414319,0
381031,0
6355102,0
42432269,0
21905588,0
20815858,0
16124814,0
22319091,0
27468411,8
18481464,0
15318980,0
14266941,0
28735584,46
8762720,94
23565939,0
35520919,0
33306236,0
11062725,4
34752206,0
31783932,4
35209302,0
10593683,1
40288970,35
194359,80
17442664,34
22246213,39
1375962,1
10470456,92
11428850,0
20981851,0
9568569,0
27706990,1
16110399,0
26455543,0
4459840,0
24029143,0
10140107,11
19244058,0
10439943,0
17351960,4
618902,23
30356004,16
30229492,49
17769657,3
22072064,49
17428138,0
6057373,12
33187249,0
3686691,0
34539008,44
39614983,0
328396,1
19706845,49
8112351,10
17407818,1
2924028,8762
26454032,0
20512153,215
28066274,0
30473254,0
7658612,0
12482203,164
9709784,38
1526019,1
22587455,0
12258243,0
18232755,59
8675430,0
5754420,1
31885605,0
34839500,6
42297169,0
9800860,36
22044707,16
12946064,425
26048228,3
1443854,65
31094592,0
4084094,18
30106316,0
29957935,12
25102000,0
27973903,13
25436877,34
27318587,0
2828460,0
300591,13
25289616,54
13919931,12
32746978,21
35096258,1
11313639,1
6295045,73
13425833,0
7826920,12
7323076,0
3239552,0
12859125,0
10199768,13
22230006,46
29219242,4
16820,194
31669660,3
16814827,3
3025924,366
10372648,0
18056924,7
37458241,0
36321494,16
34713885,27
11265330,1
40217163,0
41291157,73
10187106,0
359556,0
27329654,58
18043380,0
5992714,0
28217892,0
10847209,0
18301643,0
5937427,165
290818,172
12597963,0
7703857,0
51434,105
20186555,32
22091266,9
12330142,1
14252923,14
35485516,0
33309168,4
34309167,0
12842678,19
6987161,175
25847429,57
29227081,5
10181927,0
9469386,76
23600250,12
24284769,4
8248019,16
17322677,0
28559723,0
32708954,2
35643766,32
5361363,0
41102871,2
27945206,0
29356363,3
30110685,0
11134434,118
7854247,64
23574312,0
29007061,67
10883179,68
545190,0
8500650,9
29703400,0
69541,65
21210515,0
33624132,36
35949639,0
36529505,3
35817538,4
14620822,76
19384230,14
840786,103
5164276,0
9711819,0
20303712,0
26237970,12
10550383,21
3498186,0
21164452,23
18360436,9
13646634,22
16881792,0
33340526,8
11106220,0
8387333,0
36621725,0
36687807,0
2329432,0
42393366,0
43118687,0
43343749,0
20840570,0
14647871,0
22058222,0
24781995,0
28274481,0
8262711,0
25046963,43
796091,44
17470923,2
18203068,0
4611496,0
28819048,50
22087779,6
4479664,19
13597353,0
10481051,0
1006928,0
34835390,0
34309836,0
6605178,0
34857754,0
2449162,11
10404966,0
1376732,87
3986891,3
17290827,0
8555549,37
8829562,0
25224847,1
63408,66
7210326,0
872824,21
30466543,7
29067818,19
6909273,1
27583565,0
17455204,40
13677267,0
34460158,0
32891574,0
34363614,26
17081874,0
6195533,0
379891,5
6493385,192
32730038,0
32899751,0
6192884,0
6568162,7
8414802,128
26576835,0
14386367,0
21376737,0
574640,16
9712427,6
11546637,0
12328856,0
25090321,123
11600,160
10892615,0
11742091,0
16214270,146
12155312,0
22115195,29
18769374,9
18304468,41
5183306,1
21407191,13
12949279,0
18618680,40
12713715,0
28438095,0
32815412,4
4346610,0
22723902,0
9216472,2
15981533,0
29152890,1
12263118,0
6743473,50
23410523,0
13838278,13
5331160,0
21349384,4
22790255,2
27628300,0
5117580,0
18964867,0
1023385,72
32038423,8
32542507,2
8319446,3
38026540,0
20222825,1
28282899,0
27566775,3
11650162,2
11299642,118
13432779,22
12952141,0
60853,540
11614108,0
12625207,0
9569998,0
7809681,177
13948609,0
9875329,0
29234280,0
855880,28
34826010,0
15716801,0
7330320,0
35208480,0
342214,0
11366782,0
37805165,29
15924367,13
168252,0
18664,16
16749948,0
18333952,0
6385617,154
11396730,63
2765216,0
2866359,93
10576017,0
141237,90
24668817,0
30829016,62
19434511,3
32297372,1
35671584,34
40225007,0
12403435,0
30886136,0
16824374,0
8785063,16
3010873,5
5603886,2
27118723,5
6379755,70
25477448,0
12302146,0
30497318,0
12190924,6
6942573,15
15438507,1
29091348,1
14374295,0
22239654,0
10657507,0
35892183,0
29441771,0
13724697,0
7851375,0
20890541,193
23177,767
14149618,91
19467400,1
26778999,0
31478736,38
20788463,3
13138928,0
10994758,3
9839209,0
12200263,167
22669319,7
7981076,36
286206,1
35916522,11
35995460,0
37327835,0
6333177,0
13536291,2
3497608,13
1431537,0
40914789,0
16551598,7
14319777,0
21240247,0
8156847,0
30140901,34
828283,0
29959676,1
25177561,17
9005137,4
12351169,3
3819195,20
9706326,5
1377969,0
7294904,12
11338455,19
27489854,0
11531366,0
12751376,2
19876222,0
5050676,21
10891851,0
4436516,3
37698272,44
10139831,123
12541860,7
30509650,0
24957080,2
11675005,0
3030723,0
15609316,2
31477396,5
10642827,50
39238,45
25823966,0
25950079,0
1504073,11
24549956,0
10928425,0
30471533,12
17576938,1
12717475,10
19911258,0
31391203,8
19220426,1
27444461,0
64640,123
11484506,4
119941,43
20723189,0
13627525,35
9022231,1
20536009,1
27880352,0
21501100,9
26177019,25
16747421,0
26960415,8
18035439,30
6339522,2
37402202,0
11167137,0
71061,0
266951,0
3963751,5
18101341,18
19314,0
8901466,0
21856048,3
1918969,22
4835859,45
15134747,16
10234143,0
7586785,2
13647762,0
26115315,26
5760624,0
5202776,4
14482603,0
35531041,0
31715439,4
34279222,0
11609830,0
213121,0
39429388,6
42283584,126
27603692,0
29202093,1
27423851,0
5599870,74
14542659,10
4061186,0
15665634,39
27559373,140
28584762,0
25647106,40
18988097,0
22122437,0
25822288,0
16178275,65
17341377,59
267109,10
15882771,0
12217630,46
28796854,1
27580397,20
16728829,108
19117888,14
31932053,0
600701,21
9943267,0
5210503,38
27688463,0
2503238,1
10500963,9
11060040,41
29169439,57
3998071,0
15135775,0
8738321,1
11619825,90
31217110,1
11516203,113
7267139,25
2414212,1
3564870,0
2971310,0
8105847,44
12621604,62
15790740,0
15244947,148
8190158,13
14357293,0
44364678,17
17595055,19
33959,0
27143871,0
7617173,3
10249030,52
817763,20
16430077,1
33459722,4
20335,267
8453103,0
6367763,2
4981262,0
23903386,22
11148385,0
10112718,0
25339476,47
14088311,3
19961859,0
1941017,0
21009035,86
23743384,0
14519886,1
7067788,11
34931720,0
33386062,21
31798374,47
39688149,40
3138655,0
12138892,7
6028322,0
26462723,0
23040287,0
10247424,0
24635417,0
13431901,0
14782456,0
6861869,14
24010353,0
12298293,0
17642586,5
21721798,0
30838,1
15123911,0
5729174,0
30099715,0
7212645,0
31915121,30
10503134,92
1369324,0
10801976,105
30938358,0
27449499,0
12128126,60
681729,30
9839210,0
27759401,39
12470032,526
4684333,67
22986839,0
30768604,9
16640275,0
28008738,7
22051606,0
29476128,1
11117434,6
21335746,2329
27135069,1
3279989,29
5844605,37
43798507,0
28348042,25
30046473,38
9962830,0
31024606,0
24033262,0
7698889,0
6642923,197
8356664,19
2775528,0
16646596,2
6458034,20
12231514,55
10226431,0
585884,0
27596860,22
3403056,0
32321713,0
37527754,6
33288617,10
18585494,0
36433084,0
17577854,3
35179649,0
31885688,0
38070113,17
41410699,0
26013081,23
5957795,0
29105124,0
17932051,1
22944734,0
5164108,0
7021372,0
3520239,75
14006419,6
8699327,0
3885331,0
12217859,1
13153741,0
110091,0
27481964,3
10219872,19
1985400,85
30604409,1
6417947,0
15877666,1
14393192,5
23217091,1
20003852,0
12462701,0
13650395,22
16667848,0
13704613,45
3236008,477
24130565,3
8019321,27
13817081,0
32332215,24
31742775,1
32705614,29
6053674,13
503760,0
29918066,1
8965810,10
21161946,44
12715643,19
29122730,183
14334085,328
12712827,0
31294186,77
5579574,59
17535562,0
37243143,0
31805960,0
37338139,1
33840344,0
13060003,0
4155125,25
40342386,0
28874704,0
19097595,9
7353838,1
12154584,0
7353954,0
19876180,4
14214486,2
2922081,1374
3542885,2
16004629,5
1436976,6
703609,0
29045262,0
8491639,179
19583268,0
1475991,0
37817869,13
15453272,4
16248086,7
27826080,0
18147855,33
984423,0
7342962,42
12376337,0
14000694,7
11723731,44
9416070,7
15882131,1
33385370,0
32852987,11
6249784,0
42353085,0
26795803,0
15484951,0
22224992,3
27364745,18
4143547,1
29116000,0
31485098,0
15771509,165
385956,4
24740240,0
28416237,47
127536,100
27745939,22
9055401,6
31018150,136
12759309,0
458579,0
22358979,0
12112831,0
37072450,0
2303480,2
4891727,0
2420366,2
4546939,1
28059415,0
6129181,0
2352451,2
12693583,1
6157031,31
15118891,0
31320765,0
12698324,1
266975,24
21575262,2
5852033,1
5591655,0
20084248,0
1749573,53
7676940,0
426967,12
16034784,36
1368527,21
17658661,31
1223086,1
16683468,98
19055194,0
856672,78
5035251,0
20393211,0
36565542,74
34941422,0
9214561,0
2289848,0
28915369,4
26436249,0
363527,1
29796563,1
19542149,0
28918301,11
28735809,1
22076880,0
34567286,0
33516747,4
2841677,0
8071301,6
36742039,0
38179024,0
5756768,0
30742027,0
18324028,0
28197983,65
18043508,0
29569246,2
24272910,15
10811242,0
22084975,20
51406,195
26753915,7
7536545,0
17010546,22
25501205,0
31729036,0
7020947,1
7617872,36
4702505,0
14263530,6
13391600,0
31297241,0
31575148,0
25052054,0
29717424,0
28187585,1
4970935,0
18139020,0
4435251,14
17834155,111
10988727,0
30063934,0
12772992,70
19382215,28
20083417,88
12291535,1
6027988,0
12468128,2
28524810,1
1870467,86
127836,6
13683170,0
55055,0
3644351,349
7356611,0
17699569,0
29645132,0
19929738,0
20718445,0
29208880,0
9525183,0
27973314,0
31589632,0
8668898,1
26933465,0
20428096,0
12643757,0
24933692,226
14006021,0
19693512,147
10122254,0
30519750,10
3756261,0
20836816,1
5138498,0
32589029,3
13444789,0
395495,1
35256080,33
876578,0
38650948,0
20781831,0
1577439,0
10461121,0
88653,15
15847584,21
16100218,700
4186152,0
10120696,0
4492470,0
5386308,1
25420431,11
30394730,13
21019258,0
16516281,0
37409053,0
1466912,0
11426967,0
17393130,70
3945660,1
13599459,0
388707,0
1368727,1
2412673,3
5770740,0
28889105,0
26617950,0
4646548,21
768601,48
41629,0
30008388,0
114628,0
6997725,5
10563452,0
16609946,29
21146920,18
6205039,0
28539905,7
8569863,0
30057502,1
11766891,28
29252343,0
2259374,4
4479364,0
5327356,44
18204523,0
32593632,54
12307669,0
34615673,0
12424400,0
15169051,0
1379152,0
31808829,1
31339784,0
31472761,6
25411506,0
12584153,0
4849781,0
1681606,0
4586114,550
30742079,0
3704233,1
17945579,126
3760759,75
26049931,0
23618723,8
25689,395
82399,1
354149,29
22045328,59
7256017,5
18307067,0
12602522,44
33723003,0
33916044,0
5530457,29
105528,25
5640587,148
33847523,123
8288814,0
24939647,0
16400042,0
6946878,4
9790802,375
11606523,0
18260334,38
6361790,0
3536993,1
2333321,0
20329445,100
28396469,11
811061,0
12442548,0
5894800,0
33398112,0
11080959,0
5242057,32
41527075,0
40987483,0
18944419,8
5841380,87
1845503,1
23500640,14
18641180,54
53260,334
1948302,0
17984983,53
3499240,0
19636496,0
474294,119
9059188,0
22084153,73
15700168,0
3752172,292
29245285,0
26049695,93
16739489,40
89447,32
16503663,26
18328802,112
6285375,0
16974402,0
14858548,0
32205617,38
29720247,35
5602335,12
34909937,0
36537703,43
31924906,1
3714789,96
38036211,0
1939069,0
6283146,48
20051,243
10580850,76
8256352,520
26138035,0
14192699,0
27954819,0
11824820,26
17825665,0
20734102,1
30934429,38
1892848,49
14008931,0
2002767,19
128833,0
4576629,0
26731219,0
10967365,13
21166974,15
30674190,0
742265,0
34540601,0
7666414,1
3659120,0
39561529,0
2798290,1
729788,2
5628975,4
24739023,0
10404071,0
6128014,1
3487511,47
22071123,41
7319361,0
17268022,11
149044,0
10041489,31
93431,1
7205782,29
30943537,162
13149640,0
6609515,80
5563866,1
11106342,0
34575541,0
3525135,10
20631104,2
40920787,1
30542662,0
12123661,0
15894512,23
8064633,0
25025893,204
9928794,2
8491451,0
5627578,29
13193,278
16000236,0
10131028,49
144299,0
20603913,431
1360544,0
29895255,127
7211958,433
6705879,2
23130427,0
13951469,1
34329964,0
6882641,0
16124875,3
37680533,9
13933019,83
8647013,2
2248061,4
30471230,0
27106904,2
3978418,25
1962257,381
3646351,0
7322551,0
979887,47
4389295,28
17813442,0
26158615,8
7307825,64
15813969,5
33118989,0
3775085,43
38537183,0
22089324,0
17889305,23
16693784,2
29041477,38
9847218,50
16480689,0
21718607,17
11413549,7
18410395,15
11339612,35
13525130,65
18325807,5
36383756,0
2306291,45
5817753,1176
17446839,0
9981214,0
7768661,0
10387364,11
27886401,2
7435345,6
24915126,1
27364,576
12946097,0
4985004,0
10861249,0
32472694,1
14947581,2
36878368,0
35347822,26
43433095,0
25637938,126
7475398,1
16998742,0
22122393,0
3416169,97
19499165,3
23941963,1
3836453,80
10211724,3
13082663,52
21984608,0
2462787,0
5358084,1
16383664,0
5540435,0
18982266,1
17210827,0
9504143,38
15738580,77
17576873,5
15520412,89
254617,3
34399407,0
33377349,75
32487974,0
5156579,0
3992857,0
43045401,0
30630138,0
4343473,27
24714689,0
9820949,0
18260057,78
19851956,0
29221457,0
4326116,0
5395829,31
23925573,125
13443348,0
32219676,2
939729,168
11032906,0
5606,448
331241,285
22613643,0
3711652,10
14663914,3
8498241,0
27421691,81
5409821,25
10846750,21
3802531,0
25832540,1
10954097,0
19338734,17
32918027,0
31736326,2
35375880,0
6561991,9
37297429,291
5744838,1
18281584,17
20008511,7
17124948,2
8099708,2
3627893,0
7106927,0
27424048,357
8721313,0
11446160,0
18229801,2
236696,11
64740,4
23011470,9
34042647,0
32719590,0
29693326,0
39117709,0
412997,2
11681797,12
26116159,1
17559101,0
3985568,3
22075948,0
28445561,0
18435586,27
21969585,25
14661754,0
1849596,0
18845313,0
2258167,14
14320623,0
20327749,0
28475320,7
2297246,0
27267379,0
34455195,18
1623361,0
33565851,0
1589058,12
5516042,0
10479396,3
12771198,63
14857383,0
659184,0
17822011,0
9700141,0
10441177,32
15267972,0
34066920,0
34178463,104
34609364,2
40580123,0
40986235,0
3449251,637
15539186,16
30450237,0
10089995,0
27103619,0
73900,0
13589963,6
15801448,0
21941057,0
15109459,0
13019896,0
22087350,0
70983,26
8107178,0
12652032,0
21288787,0
5226066,0
32279075,0
10641159,1
23126469,48
29912735,8
4024636,0
5538159,46
14508410,12
23128858,0
26887400,0
12628940,0
31681182,0
4556839,1
28608087,42
13978976,36
142854,0
1525392,0
13948246,0
11226085,78
33288353,0
33658507,0
31715241,0
14564421,0
36759266,0
4265102,0
42725401,0
37886407,0
3528296,0
17045371,0
13648246,0
25272869,0
23743697,0
4985430,15
5915985,0
5637784,29
8068902,3
15826178,1
13743027,0
19051847,0
35744,1
8445130,10
13558388,41
4746020,0
4186008,0
1929304,136
9309254,0
34396765,11
35567402,3
15920651,0
20301,17
7883179,54
13882136,1
30549778,4
6620350,3
25091706,0
12453037,0
27518857,0
7819197,2
26233282,10
4487977,0
30261393,0
10246375,12
15897267,351
5931121,7
11097958,1
29922471,0
10916059,0
31474594,13
17773222,0
8336476,0
7009993,16
37408889,0
31877621,26
33294973,2
70829,52
32254877,8
38154503,0
8650908,0
5056122,0
17699501,0
16572230,10
23743646,0
26259163,0
25318898,0
18084848,0
7648842,0
2712215,0
29321851,0
6401643,41
11801673,0
9368362,0
9745314,0
21921763,56
23379115,15
31155705,0
25504096,9
16387876,0
19157489,50
24186021,0
29925317,5
8462901,1
30058450,147
30128359,10
22083686,0
10314206,2
10661806,0
17019,497
4377291,301
4615291,18
26165016,4
19749460,0
81427,0
2840249,36
12594689,0
28531513,0
15259229,0
34313629,0
15648677,0
34709188,34
28148053,0
20293469,0
28071136,0
22380784,0
3704418,126
5362906,667
30879853,0
18714354,0
16941487,359
12358643,17
18759244,8
28483240,0
7820951,0
13706028,1
13877488,1
22378320,6
738511,6
1919531,186
35932070,4
30271372,11
13111087,0
37756503,0
31646985,0
29444802,0
8671809,0
14017658,0
3017345,81
981626,207
19849416,1
362097,1
7011206,86
30462264,1
3655600,8
3242770,202
3027011,0
1143188,25
27733460,1
12428334,5
20029145,0
28860326,51
4050545,0
17385743,44
16921215,0
26178960,181
9064292,0
3465484,0
2631746,5
338732,1
31592499,0
22420841,0
11826463,82
10424787,0
29124383,0
27903539,3
12136861,0
4932957,0
17232038,0
9698534,0
22065149,0
3929178,12997
22091460,0
9020665,0
486734,0
11301227,6
22102888,47
10299527,2
35869668,0
4985844,4
5187669,0
32278521,8
533488,0
18926430,0
42695940,1
7558731,58
15440933,0
5691606,0
30505909,52
18528821,0
29390878,0
20549826,0
31573441,26
10548639,66
21357853,26
1518198,0
12995723,145
8721684,2
13397624,0
7161383,0
15766086,0
6849082,0
29825757,0
165012,42
10609363,0
11333642,0
15998391,0
19321910,330
115705,16
7452163,0
8852678,0
8610946,0
29075061,0
30281702,0
6832816,4
9729310,87
17806532,7
26511493,63
3084277,2
7815690,2
8962533,56
5081017,0
33873918,0
33119257,0
38936645,0
42854258,0
31015709,0
744363,0
28852079,9
27106117,138
8248862,19
2474757,0
3816468,45
26188694,11
16794404,0
10134123,0
37268901,0
32469464,49
42141509,207
44077892,5
40467649,0
39856721,0
22696303,0
6864189,0
8840841,0
8751600,1
5704537,0
3534128,0
12266545,0
767987,0
31512088,25
16331312,0
930898,82
22342230,1
4575821,10
2508794,19
843340,0
10212690,0
2909266,8
32721376,97
10827453,2
33457635,84
37385869,31
504263,383
917995,3
5893964,1
27617768,3
16171119,0
28727970,0
6719587,16
20938715,1
531464,0
3708578,59
82191,3
10860670,10
16444290,10
22103147,17
22158260,0
2325717,0
10288016,154
18534360,0
12180870,369
22068179,25
2658853,14
31944258,7
34518981,0
33073995,1
41945343,280
26298009,27
10826096,61
6194343,0
11775542,26
13728877,0
19713885,21
10142433,0
6291530,2
31117110,2
7456172,0
27983349,0
6807409,1
18845310,12
31534330,5
7613694,67
1524939,0
17083930,26
32326879,0
31974416,6
13644218,58
16516286,0
10461453,0
11446406,0
12222717,0
10372867,0
19760303,0
22043069,89
1487040,40
17365843,0
16480291,2
8472572,0
4961783,14
6669272,54
33434653,0
32979214,0
40295582,0
40720858,0
6012497,0
19094511,3
95738,45
21087061,0
27647751,0
4563594,1
28413082,50
28727454,0
910249,7
272942,5
10460627,27
27145313,7
20004223,0
33476,3
7588264,0
10193531,1
18577610,0
28930507,0
11845197,12
17279927,2
30103159,20
10162480,0
26367146,0
25147893,10
16882848,0
32080400,39
9991515,0
41683159,12
25903907,65
22582612,19
8451370,1
11598217,237
18541445,0
30733779,0
4096286,0
17145918,0
22624406,26
811937,3
6829103,82
12657041,0
17230631,12
31133385,149
31558567,2
15904365,0
12639194,10
19368039,150
29120422,14
13575521,163
42830439,0
10906129,156
17851220,0
10119322,0
5042611,2
28954629,72
29209966,0
18509546,21
1396144,70
61936,54
34901894,9
7745843,91
22666743,0
13833648,0
30419516,0
19900249,0
111260,1
6150350,254
19729460,6
20975267,0
26991237,12
572151,0
6888603,4
557194,0
11315049,0
5528695,86
29386794,0
35096583,0
33985409,2
17202252,1
19963884,0
12141724,2
19600829,22
29107750,130
1275111,0
7156371,0
11206244,18
2287486,17
14048124,0
20615602,0
31091757,0
13064963,91
189100,42
19840485,0
6017853,46
9922635,0
18628930,0
129214,39
1614761,1
4463735,50
109165,0
19449713,0
27322401,1
2451641,4
12551690,0
22069185,7
5939298,42
17128682,2
18804033,0
10802775,5
305350,1
20001037,1
16974297,0
22073686,0
31109070,0
7159134,62
27618117,0
14100432,34
13669887,78
7830898,0
15264431,19
10976385,0
6606685,1
6192468,1
38085131,0
2102679,59
30371788,0
27744329,19
816418,116
9386529,6
2314596,29
287825,33
29866363,0
16906509,0
9757372,0
14385067,0
4294165,15
28692920,0
10765493,0
262948,2
3500399,32
34317339,0
33556640,51
3526171,3
44059208,0
23414295,5
8239259,6
22263236,9
6215151,25
8724721,0
19393611,0
13688399,0
25159308,0
30437424,233
19619968,0
27115082,0
14342108,31
28451465,26
13740329,3
29730612,40
16047338,0
651492,0
12419923,0
13998960,0
9831814,29
5774704,0
30513879,0
32307315,1
33216273,0
17746038,1
33366985,4
12421000,0
34964786,31
27386948,0
8497507,122
12915692,0
7422657,416
2345653,0
29027550,0
12579282,20
7300887,47
96027,29
13821653,0
28112199,166
4813395,1
7769788,0
76771,1
13881831,0
27057674,0
36454830,17
8548603,0
5089347,0
5596422,7
669059,0
12680247,1
24334615,4
22763705,0
19086275,0
22056659,3
17066852,13
21053518,16
27004660,0
8364895,8
17527031,0
22057712,0
25938441,0
12146387,0
17106751,0
26707419,0
35314863,0
33940924,35
44459072,0
27228036,0
18664779,0
9734808,11
26630280,29
5497565,3
284075,144
115758,0
4581260,65
1070332,0
7745957,0
13442362,0
30230352,26
3545691,11
28175462,0
32495462,0
19562380,0
20027924,9
11219432,0
5145643,0
6568792,31
21096827,0
26423243,0
24201289,14
7063894,0
24503708,1
22539353,0
21504068,0
12222714,0
4435030,0
12348117,0
5203308,65
1496739,4
1604710,0
7357646,6
35504344,1
16941443,0
35140271,22
32964783,0
10486746,0
6954286,0
11658166,0
33818807,251
42244976,0
8633805,2
6054261,0
7659697,2
15131885,0
1212528,20
24251958,303
3482593,22
12117972,28
30939387,0
4666518,1
1790360,63
7187169,0
11161631,4
28345209,20
22372042,0
30171094,35
13717576,34
15396225,143
3706863,28
215986,810
18302058,1
10943958,0
33514895,1
1515854,0
9758118,0
17427643,0
11531683,10
23794766,21
544696,0
25038624,0
17417144,9
3728703,0
26272589,7
32381156,0
32065113,66
36617310,1
6858161,0
19923516,0
15188830,58
5128285,0
7349320,1
15282639,0
973949,0
29531337,0
21121645,0
11631276,3
8238098,241
5750077,0
26649307,0
7709777,15
3385314,0
1845271,0
462350,6
1466994,0
17983243,0
141883,0
44014631,0
7377540,0
15950946,0
9975336,2
11600421,32
13735589,6
5162548,0
14282769,75
28106771,0
8174792,1
18478810,109
26072581,4
15351395,0
32203243,0
34333628,0
1916150,33
39071272,0
27497145,0
28931678,1
30419672,1
11723991,66
24929739,0
12674810,0
24947591,78
16448397,0
10388165,7
24915639,0
13434425,48
17026489,0
30338439,0
130952,0
15335918,1
13708036,1
33197329,0
5078910,0
8501314,0
2989286,0
5203934,0
8931309,10
27522638,6
398582,0
9928999,0
17674929,0
21050730,0
22064592,26
12656708,5
28144669,0
15575981,0
3491201,5
4325635,51
2465211,0
25830649,1
26098103,0
34538614,2
8024250,1
12150652,0
41036611,0
6853518,0
17252970,97
7294158,41
6347717,0
20699242,0
26850436,0
18326181,1
12138896,0
3804800,194
14628356,0
14244291,0
10778695,0
28308795,0
10760308,142
7837024,0
26052931,5
24979207,1495
11527580,43
42861026,0
11702285,26
12145960,0
21022303,15
22095077,37
25177589,0
14430182,1
7804979,81
345112,13
18670241,0
2603467,0
7009725,1
9712025,2
30699448,0
23438141,2
12327415,0
26294494,0
13971066,0
4021878,0
36356215,0
34544613,0
41809763,18
39859178,9
42791291,0
19005815,0
30047622,0
18838120,0
7189374,5
9046868,0
29950153,0
9229330,0
3703347,0
22360900,1
5568245,0
10545212,54
134517,33
14341962,39
31448044,39
21545957,0
27641451,0
15829858,28
16227440,0
32955779,0
34652214,57
572108,0
15207389,0
5897173,0
6312124,0
39680668,0
18348997,0
10527251,0
29648504,0
506462,4
30761,13
26343445,0
140340,0
17604356,61
6753951,14
10360121,8
28833944,0
9743559,0
12837802,66
3967476,0
36882463,3
35581116,0
1557065,81
11540403,5
29081298,0
25544780,0
99712,74
30834702,20
8638907,14
22239810,2
2784750,0
17425826,6
214648,78
4478678,0
12269579,2
1000133,0
25327839,14
111760,26
13148813,5
12208707,0
1922825,0
7360644,0
34156619,0
34161646,0
32240522,3
4165688,0
35129265,23
36176,2
8461129,0
31472310,0
15168184,0
11357250,43
10538557,68
15733641,0
31303111,0
4433898,0
22285700,0
31431735,5
23944194,0
7589798,14
27567919,3
13736596,22
42243,6
2612472,1
12285351,1
27948570,27
24223560,4
29196532,1
21071613,0
11700035,92
13393410,39
28079926,0
15137566,16
28856247,0
5460767,10
10885937,0
6794769,677
21749863,56
1421566,0
122096,0
34616313,15
31832695,3
34756107,23
8918696,0
5431829,149
30002713,0
14093516,0
29500091,0
14085271,0
19415115,0
65413,86
11984652,21
18995177,0
29705880,0
20531092,0
29145280,0
18626443,0
10211462,48
37611522,17
3596201,2
12450656,0
26254015,8
12658220,0
13940140,1
27058262,0
11964059,10
2518545,0
30070819,1
9575048,0
897193,0
1349769,16
23624298,5
32975120,2
37342926,0
839727,0
9274409,62
31079815,0
20222484,128
12150695,18
17315009,2291
5807266,809
3499442,0
14203208,0
114184,0
2487253,0
18611433,149
10449727,18
33904326,0
4704834,16
32721668,0
44138031,71
43371916,78
11114580,1
25889425,23
11308975,1
12699116,0
16045981,35
29298771,0
5783506,0
19406779,11
10185251,0
12437960,0
12489895,0
12674702,0
8067158,33
20227781,0
24004906,0
11314129,7
4591735,1483
6848248,0
9714409,0
19903813,11
25821532,46
32578940,0
36623274,63
10151658,0
35341682,0
39031477,33
30560852,0
16554170,1
28864868,7
12140719,0
11527874,0
7953971,0
48437,3
28008094,4
17868181,0
7351306,0
968971,7
17784804,0
23725998,1
10579368,51
101257,148
10750415,0
15118117,0
714747,23
30233490,48
5818935,0
19465771,15
24498818,0
32481245,12
35564570,26
29629209,0
32592769,0
20786800,0
38877658,6
4972357,44
2333367,123
12558510,0
2253939,0
16971126,20
28333354,0
3505487,4
24801649,0
31267721,51
25839543,142
29314481,0
22123865,0
17924030,12
33400740,0
571716,11
55199,21
17485380,35
34865449,6
1412159,98
40478646,0
30734434,0
26663170,2
5566786,2
22953952,0
10164555,88
27415955,67
28563782,0
10356722,0
2419501,2
2824148,40
118235,80
30158530,0
19041019,83
386732,2
491384,0
9980578,11
10546969,0
32307809,7
33831664,2
30737715,0
27619012,0
29246678,0
18265736,0
11378133,0
14091902,6
1498141,0
8069644,0
12760518,0
3593712,0
26428067,1
29751278,3
24983876,18
27129962,0
21045000,45
22550916,118
354745,1
30967502,4
36939994,0
36267142,0
36466370,2
100063,1
35176452,0
3914508,35
3504493,33
13672096,0
27168713,28
14852592,157
29963551,0
11807445,15
391190,8
24133071,48
21972284,0
5201425,3
5652782,19
10116759,13
619506,0
596175,8
14438362,0
2301825,0
32488613,0
3614568,4
11612379,0
639175,1086
8525,1897
20706242,0
14106052,1
5129044,2
1721429,110
12218762,0
5928438,0
10979614,0
289336,4
13814269,0
160342,5
30981976,0
302695,10
9155786,41
2888210,1
21446703,0
22058932,49
22088443,27
13043519,0
334066,2
8511588,32
8268902,0
2751196,44
38477552,1
22569664,0
12603901,0
6568856,1
6061800,291
29846127,3
11458522,0
31291548,0
5018370,0
24520339,1
22828565,0
10994042,0
330146,18
31176445,0
845364,1
17646663,73
7813669,6
33406043,37
37337932,0
4661151,2
14995122,33
34382708,0
33626107,0
25246931,0
15834339,17
29390185,4
3821474,0
636830,1
26657975,0
20113019,601
26421697,28
5241829,95
4230741,8
36803324,0
7569986,0
10882265,5
11612073,0
18299198,147
29849936,1
17012906,2
3163345,0
13156336,3
13636254,16
27669980,0
31585957,43
12409006,0
14739497,0
4478114,0
10467548,0
16348967,206
33530690,0
34370283,16
11325281,8
40524247,5
28072667,0
3004547,2
9208287,6
12237611,0
12627217,102
240018,15
7098239,21
44273541,77
60726,0
31261542,202
45985,20
7682703,56
116160,1
2706221,82
5361370,0
26049443,0
26931516,0
2898333,12
18992988,5
14119920,0
27407113,0
14686470,33
32415975,3
296261,126
9508518,0
2277805,28
38680531,0
41394354,0
2916843,0
26053133,0
28399367,7
5852416,6
17239929,19
17649147,0
30746875,0
27410399,84
21862881,8
10487424,4
15463519,1
22103074,48
5391495,15
10122323,3
29370651,88
15306289,0
4832015,2
20501085,27
23737360,0
17953575,19
7209418,2
29187996,5
4320661,1
25983802,0
31939929,22
15237668,0
37570080,0
29365338,0
17706075,1
18115145,0
24705727,135
7696424,25
24934295,0
18032821,738
11266707,28
8610595,0
17404325,0
17071992,0
21283579,4
24802698,0
27035265,0
12832608,14
12391263,7
33456098,48
23069733,0
21255871,66
1496644,0
8646699,11
16879039,22
426738,50
11785694,3
6894613,20
10961343,0
9032236,14
21317606,0
2273888,30
15480469,0
19197374,108
25860913,22
5376040,25
9334479,40
26648267,0
29039712,31
344945,11
2389320,3
17070982,0
13771988,0
29107261,0
33030064,1
40826679,17
21834886,0
12555751,39
1924036,17
2436457,0
6317263,0
4937055,0
27919874,6
8176865,0
11126240,9
5771956,0
10083089,12
753310,1
22790461,3
9012682,251
8148893,0
197400,21
27392671,9
27507208,0
22536963,0
12828086,0
12880736,0
4526053,0
13494970,0
20232201,0
32346419,4
33225807,0
32948053,10
2714273,0
5069580,0
34938803,0
41748543,0
28856201,4
3181089,0
20931355,0
11148721,0
3710153,0
28290212,0
11604040,0
7313068,1
22077329,1
31335543,0
24923050,23
5522865,2
5845059,36
28221569,17
15512989,0
36280816,0
34760609,0
9724897,0
32629,102
2340334,0
13533950,1
12479027,0
12503923,46
26046029,192
28190298,20
21740706,0
22376,17
64654,227
1799848,0
4772960,0
8493909,15
3798281,14
2858,130
675826,109
30752183,0
12203989,59
10350181,95
5041737,41
30746901,25
7034500,0
13590970,0
19400136,0
35254632,75
34900051,0
6934499,0
36564488,0
7220425,0
40108,0
39977965,11
38427317,0
38354006,0
38471311,0
29171773,3
18415161,0
12782734,14
30007491,0
9920421,0
22208226,0
17056538,64
1893647,0
28400307,0
15511567,2
167022,287
1357635,152
24091805,15
8990656,2
13777419,0
9243089,0
31877308,12
34283518,5
853739,0
38934016,0
27911104,33
2793635,0
8841567,83
5801160,4
3519441,32
18008448,0
27586104,0
2236834,0
61349,4
30454330,0
30958064,0
7153117,0
8819924,0
31318913,1
1536968,0
6275680,76
12662198,7
8276,6
25215125,33
12122541,2
17828912,0
6350116,11
36393277,6
35218735,29
24268839,0
1981075,396
12573201,34
9066881,263
3990241,42
8262863,0
12353886,150
8166983,12
7074301,22
4827204,0
9697927,987
13982027,22
9910946,74
36531742,0
14657869,0
34635411,0
43676743,0
31574074,0
24029031,0
8241595,0
30226108,1
28050034,0
7635318,0
19469499,2
17634598,1
40833,457
24951503,19
3191884,0
28050856,0
21773289,1
31882852,55
2433330,0
23813446,255
8571,490
7815475,0
8999496,0
6541864,0
7529488,0
137667,0
12337,49
6386919,7
824689,0
17203919,1
25142107,3
18299879,1
231681,58
4968147,0
7510281,2
3844252,0
37441689,4
32866161,36
1597399,0
7681110,152
32792021,0
38690438,0
20151308,0
11214661,3
23904188,0
7080382,0
28602386,0
622651,48
16346773,0
28864082,1
10584363,2
20888485,0
22592149,92
5210982,74
3987538,4
7809803,1
27355803,0
13678142,468
34387807,0
32367299,0
33777015,176
32767840,0
34811089,0
9454596,0
2799982,1
2656574,0
5644878,0
27994536,0
9820171,7
29378143,0
19787040,0
8674941,0
11593566,0
741151,0
27390031,5
7132293,94
21827765,3
12811038,22
578918,0
13384391,1
21230684,11
4726884,32
13467197,1
18655723,0
10994841,0
4894908,8
12657318,0
416831,79
3237611,29
6836589,18
32118765,1
43293519,1
30289750,0
6851870,58
17788119,4
14051364,0
24173039,0
25233978,624
10243631,0
13531569,0
32298098,0
6040689,101
32994751,14
14558496,0
87393,2
37999441,0
43665698,0
6787006,25
22677904,0
19691190,0
17957606,110
1614596,9
5572821,1774
5876769,0
7806233,153
3298287,24
17698982,0
10816114,0
14392174,0
13407509,2380
11061455,3
11950164,0
10920412,0
22046597,4
30416040,0
294792,0
32283290,0
36852503,0
34203908,0
18315334,0
30728248,35
26427024,0
16326132,4
29844182,47
17472786,0
26150423,0
19023271,22
626792,0
9704963,0
9733553,1
12639213,2
19879381,0
16030327,0
5877716,0
33059676,96
28942840,1
17628470,0
24449898,0
30615717,0
1396238,37
20848141,19
28806553,0
21666117,9
6885817,2
15689336,4
498389,23
753008,0
17916899,0
24129812,0
8529523,0
27826228,8
29953406,3
32160087,4
31819986,0
17915939,0
707197,2
39659237,0
39504630,5
765788,26
17546703,44
317502,222
15537819,1
604891,0
8782707,3
25822961,195
7643069,5
20238594,165
11664039,40
16936502,20
28962747,3
14020989,1
12669093,0
3237741,0
11768033,11
35976504,0
1497725,0
1938909,0
35077137,0
42000878,0
40374782,6
10126525,0
18136047,0
11681540,26
11602399,0
21179547,0
27970888,0
28326235,0
147393,5
470291,8
30317924,2
29936477,0
10051497,17
11147825,0
3867226,0
18255756,1
3201761,0
13912447,41
11038849,50
27871,281
1072979,72
303071,0
7813071,4
9031203,0
16214582,0
17426741,0
10094566,0
32762090,0
10891858,0
5085163,0
5798971,0
10629873,0
22171978,0
14119225,0
19894045,0
2442020,250
29237298,0
5649218,91
25110767,0
15129691,0
84477,0
2443495,0
12550341,0
4165518,119
14051592,3
9840750,51
16691594,11
4922668,58
13392432,26
10626559,5
4583595,57
18609200,0
13860414,0
3301609,14
11366359,0
3127873,62
35195120,0
16362439,0
12593280,1
21733089,3
4696482,155
21619768,4
15461818,0
38807,11
2270920,20
12931519,0
28005912,0
28685742,0
15918996,0
16548746,0
3446611,0
14711976,0
10891915,0
11152424,49
9866336,0
10448214,3
6834116,1
3212172,0
31487580,0
19231692,0
14123788,27
6320813,262
12298431,7
27880780,0
30870994,0
17413804,1
33719216,0
35671248,0
32278895,2
31741759,10
43622225,0
38992585,0
25977511,1
30935656,21
2145897,0
3506504,5
13068447,1
20672840,17
18640313,0
29663916,34
25210093,33
30742740,13
11007075,921
33125151,0
1869534,0
11450630,0
34676159,0
4148557,0
3845314,0
21982003,0
8530636,0
8991653,1
28742310,11
26564411,26
22856267,0
13587017,7
30316,28
8998736,27
13833243,3
779721,0
975968,0
13384055,0
3781493,4
31834044,6
44265737,0
37918032,9
13434974,1
25367757,0
22643324,3
25859813,1
13673653,5
9630360,0
12689009,1
18487735,0
16441913,0
21997741,24
20170540,4
8500199,14
2832436,35
9730542,0
12983991,0
4616221,0
14992065,45
34403603,0
32784474,7
32552369,0
15627282,0
3864576,38
7755486,0
8287403,4
9054519,1
12597114,0
2453727,1
26619813,7
12122545,0
12643085,0
23677829,0
22177080,0
11027257,23
7850573,0
27656304,0
19343866,36
18181974,1
9800848,71
15203093,38
31948191,0
35584807,0
30944204,0
32983262,0
6236641,1
