type,x_0,x_1,x_2,x_3,x_4,x_5,x_6,x_7,x_8,x_9,x_10,x_11,x_12,x_13,x_14,x_15,x_16,x_17,x_18,x_19,x_20,x_21,x_22,x_23,x_24,x_25,x_26,x_27,x_28,x_29,x_30,x_31,x_32,x_33,x_34,x_35,x_36,x_37,x_38,x_39,x_40,x_41,x_42,x_43,x_44,x_45,x_46,x_47,x_48,x_49,x_50,x_51,x_52,x_53,x_54,x_55,x_56,x_57,x_58,x_59,x_60,x_61,x_62,x_63,x_64,x_65,x_66,x_67,x_68,x_69,x_70,x_71,x_72,x_73,x_74,x_75,x_76,x_77,x_78,x_79,x_80,x_81,x_82,x_83,x_84,x_85,x_86,x_87,x_88,x_89,x_90,x_91,x_92,x_93,x_94,x_95,x_96,x_97,x_98,x_99,x_100,x_101,x_102,x_103,x_104,x_105,x_106,x_107,x_108,x_109,x_110,x_111,x_112,x_113,x_114,x_115,x_116,x_117,x_118,x_119,x_120,x_121,x_122,x_123,x_124,x_125,x_126,x_127
0,0.0004702885344158858,-0.001815066090784967,-0.0016427970258519053,-0.0023768043611198664,0.0007150658057071269,-0.0031902960035949945,0.00274153845384717,0.002662091050297022,0.0020997407846152782,0.001604017335921526,0.0018716210033744574,0.0001431387208867818,0.0027110190130770206,-0.0032879426144063473,-0.0033481502905488014,-0.001643144409172237,-0.0017237588763237,0.0011391235748305917,-0.003330822801217437,-0.0008139247074723244,0.003080221824347973,0.0021361291874200106,0.0022021338809281588,0.0038302938919514418,-0.0018952975515276194,0.0029698554426431656,-0.0015414271038025618,0.003729093587026,-0.00025676318909972906,0.0036604474298655987,-0.0021724726539105177,0.00030701098148711026,-0.002140879398211837,-0.0025511588901281357,0.0020645877812057734,0.0031220405362546444,-0.0015666888793930411,-0.002762629883363843,0.0037002130411565304,0.0014083851128816605,-0.0010638439562171698,-0.0014934599166736007,0.0030014379881322384,-0.0009706285782158375,0.00017483464034739882,-0.0010506983380764723,-0.0005723393405787647,0.0033537044655531645,0.0014273872366175056,-0.003978122491389513,0.003552383044734597,-0.0025489695835858583,0.00423888536170125,-0.0010770093649625778,-0.0024199301842600107,0.002232122700661421,-0.0016068260883912444,0.0027576691936701536,0.002222505398094654,0.0028254492208361626,0.0010777204297482967,-0.003708238946273923,0.00403232267126441,0.001914236810989678,0.002943266648799181,0.0032475735060870647,0.0004065530083607882,0.0014179355930536985,-0.00258831144310534,0.00034474889980629086,0.0015343868872150779,0.0028972611762583256,-0.001545446808449924,-0.0009398387046530843,-0.0027714392635971308,0.002058927435427904,-0.0006807095487602055,0.0012642479268833995,-0.002095308853313327,-0.002465888625010848,-0.0017860427033156157,-0.0014565157471224666,0.00034263203269802034,0.0004408146778587252,-0.0017963879508897662,4.694435483543202e-05,0.0009314135531894863,-0.0029037115164101124,0.0017316228477284312,0.00027355202473700047,-0.0035050332080572844,-0.0004508570418693125,0.0032145939767360687,0.0017146662576124072,0.0014216223498806357,-0.0009395048837177455,0.00015623006038367748,0.0028467958327382803,0.00010955392644973472,0.0016051523853093386,0.000257461448200047,-0.0015280472580343485,-0.0029633650556206703,-0.0031555022578686476,0.003814147552475333,-0.003673732513561845,-0.0012841259595006704,0.00040182744851335883,-0.0028355203103274107,-0.001647526049055159,-0.00027274840977042913,4.2794639739440754e-05,0.002825571224093437,-0.0006730137974955142,0.0024481085129082203,-5.6740856962278485e-05,-0.003722655586898327,-0.0034368860069662333,-0.0036036111414432526,-0.002313143340870738,-0.0003887360799126327,0.0019784073811024427,0.0008894049096852541,-0.0006278323126025498,0.001417955500073731,-0.0020658490248024464,-0.00046557208406738937,0.003803420113399625
1,-0.002464055782184005,0.0009602413629181683,0.0018286107806488872,-0.0008073992212302983,0.00030016107484698296,0.0006598406471312046,0.0027763841208070517,-0.0009086723439395428,0.0005161992157809436,-0.0038016296457499266,-0.0033319818321615458,-0.0011578233679756522,0.0030385314021259546,-0.0021548618096858263,0.0026593387592583895,-0.00046308463788591325,0.002533481689170003,-0.0020505515858531,0.0022505016531795263,-0.0019298705738037825,0.0019996787887066603,-0.0027060911525040865,0.0010056713363155723,0.0007752472884021699,-0.0023447040002793074,0.0015578166348859668,0.00013235790538601577,0.0033916591200977564,-0.0029344074428081512,-0.0016947061521932483,-0.00042413303162902594,0.00025215063942596316,0.0033851717598736286,-0.0006019579595886171,-6.977961311349645e-05,-0.00024803844280540943,-0.00021310649754013866,-0.0017819399945437908,0.002457562368363142,0.0011130727361887693,0.00011958186223637313,0.002200212562456727,-0.00019291021453682333,0.0029505318962037563,0.0014234971022233367,-0.00043564135557971895,-0.0031923865899443626,-0.0013326851185411215,0.003139772219583392,0.0012079216539859772,-0.003373703919351101,-0.002447931095957756,0.0036183160264045,0.003290901193395257,-0.0007799890590831637,-0.0018488976638764143,0.0039148274809122086,-0.0036325911059975624,4.938576967106201e-05,-0.003637199057266116,0.003572857705876231,-0.003478285623714328,0.0004283719463273883,-0.00346726318821311,-0.0005973947700113058,0.0002384346880717203,0.002352142706513405,0.0029177723918110132,0.0016494293231517076,0.0021225111559033394,-1.1519846339069773e-06,0.001801804406568408,-0.0010085172252729535,0.0038507278077304363,-0.0026166439056396484,0.002720195334404707,-0.0005153665551915765,-0.003350359620526433,-0.000999528099782765,-0.0020766332745552063,-0.0028773113153874874,-0.0019921809434890747,-0.0016831466928124428,0.0005248266970738769,-0.0001774007687345147,-0.0025441008619964123,-0.002782959258183837,0.0017955019138753414,0.003858142299577594,0.0025136256590485573,-0.003604873549193144,-0.002503021853044629,-0.0018973253900185227,0.00014336164167616516,-0.002788234269246459,0.00021793151972815394,0.00129397411365062,0.0016666061710566282,0.00012037864507874474,0.003155115991830826,-0.0028585384134203196,0.0022233447525650263,-0.002040417632088065,-0.0033454925287514925,-0.0027112108655273914,0.0015347381122410297,-0.001924953074194491,-0.002206863835453987,-0.002795423846691847,0.0025603570975363255,-4.071302100783214e-05,0.003321850672364235,-0.0014527171151712537,-0.003359673311933875,-0.0014001175295561552,0.001890898565761745,0.00285000610165298,0.00020708127703983337,-0.0004103918618056923,0.0024722525849938393,-0.001474824151955545,-0.0018379825633019209,0.0019446220248937607,-0.0013892661081627011,1.9904513465007767e-05,0.0022856236901134253,-0.0012951415264979005,-0.0007148924050852656
2,-0.0014916348736733198,-0.0020580326672643423,0.002414945513010025,0.002067695138975978,-0.0018057236447930336,-0.0005168404895812273,0.0032563686836510897,-0.0034495205618441105,0.002393037313595414,0.0020332077983766794,-0.0037593862507492304,-0.0025398677680641413,0.0037704273127019405,-0.0007111618760973215,0.0018178712343797088,-4.102334423805587e-05,-0.0005594021058641374,0.0036890218034386635,0.00024413078790530562,-0.0015126180369406939,-0.0010658366372808814,-0.003633714746683836,0.000728466606233269,-0.00020276958821341395,-0.003727137576788664,-0.0024908962659537792,0.001944280811585486,-0.0011103905271738768,0.003740849206224084,0.0015821964479982853,-0.0025100335478782654,-4.6529054088750854e-05,-0.0019630880560725927,-0.0019253185018897057,0.0026757626328617334,-0.001330908271484077,0.0018223457736894488,0.0001505320833530277,-0.0020999719854444265,0.0011308430694043636,-0.003361388575285673,0.0033447914756834507,-0.0028652916662395,-0.001590484520420432,0.003323498647660017,-0.002769315615296364,0.0034115775488317013,-0.002378779696300626,-0.0031673512421548367,0.003156129037961364,0.0027736849151551723,0.0014914961066097021,0.0027284102980047464,0.003752892604097724,-0.0019400340970605612,-0.003581730416044593,-0.003053174586966634,-0.0031460102181881666,-0.0022147074341773987,0.0011272648116573691,-0.002071346854791045,-5.0350117817288265e-05,-0.00029160158010199666,-0.001285087550058961,-0.001921526505611837,0.0024055447429418564,-0.00373494322411716,-0.001201047794893384,0.0014694151468575,0.0008679259335622191,-0.0018471683142706752,1.3787642274110112e-05,0.0012372834607958794,-0.0019954261370003223,0.002834936836734414,-0.0029236015398055315,-0.0010856811422854662,0.0030049209017306566,0.001439878367818892,0.0030370086897164583,0.0022405944764614105,-0.003380464855581522,0.0021937445271760225,-0.0036577852442860603,-0.0020173401571810246,-0.00012942752800881863,-0.002692052163183689,0.003400784218683839,0.0019013502169400454,-0.0006193058798089623,-0.0014127213507890701,0.002705872757360339,-0.002308842958882451,-0.0025674670469015837,-0.0011478475062176585,-0.001524812774732709,-0.0002003818517550826,0.0011054424103349447,-0.0036106740590184927,-0.002988903084769845,-0.0029462098609656096,-0.0009688743157312274,-0.0024522116873413324,0.0010906176175922155,0.003821936435997486,0.00046073287376202643,0.0007416338776238263,0.002044549910351634,-0.00338152376934886,-0.0026660417206585407,0.00041514605982229114,-0.0005547365872189403,-0.001550967455841601,-0.00041802923078648746,-0.0038782614283263683,-0.0015707365237176418,-0.0018357585649937391,-0.0021775877103209496,-0.0024930855724960566,0.0005003599217161536,0.0009848438203334808,-0.0018757932120934129,0.0037046580109745264,-0.001572691136971116,-0.0037826804909855127,0.0018577043665573,0.003029976272955537,0.002478356473147869
3,0.0019806623458862305,-0.001539344433695078,-0.00159927224740386,-0.003161102067679167,-0.0027232374995946884,-0.0017949339235201478,0.0015829611802473664,-0.002267563948407769,0.003887743456289172,0.0001719011488603428,-0.001585475285537541,0.002078238409012556,-0.0030504437163472176,-0.0008582217851653695,0.0007544178515672684,4.920181163470261e-05,-0.0007385880453512073,-0.0006800067494623363,0.003027384402230382,-0.0035841609351336956,-0.000782573246397078,-0.0008566984324716032,-0.0017472767503932118,-0.0010728989727795124,0.0030807661823928356,0.0014108256436884403,0.001536025432869792,0.002876040292903781,0.0003470638766884804,-0.0017745583318173885,0.003781236009672284,0.001208882313221693,0.0002559383283369243,0.002903982996940613,0.0021628355607390404,-0.0012102470500394702,-5.155023609404452e-05,1.0528785423957743e-05,-0.0016630261670798063,-0.0022977159824222326,0.00048656738363206387,-0.000634073163382709,0.0031978818587958813,-0.003931545652449131,0.0034253771882504225,-0.001476639648899436,-0.001018211361952126,-0.0027642222121357918,-0.0004033696895930916,-0.0008338913903571665,-0.00029031166923232377,-0.0026372699066996574,0.003978336229920387,0.0036403178237378597,0.0017313723219558597,0.0022579156793653965,0.0021814254578202963,-0.0034743715077638626,0.0019815098494291306,0.0022896553855389357,0.0011533426586538553,0.003489486174657941,0.001601355616003275,-0.0034924065694212914,-0.0004763629112858325,-0.003574129892513156,0.0016980002401396632,-0.0007574395858682692,0.0028900715988129377,0.003209878923371434,-0.0038784623611718416,0.001716097118332982,0.003294549882411957,0.002555915853008628,0.0005133338272571564,-0.00291509204544127,-0.0015309879090636969,-0.0013971925945952535,-0.0035229625646024942,-0.0007873279391787946,-0.001681185676716268,-0.0026300859171897173,-0.0012494561960920691,-0.002873792080208659,-0.000859382504131645,-0.00264783320017159,0.0022671495098620653,-0.0004922070074826479,-0.0030709251295775175,0.002988055581226945,-0.0038076380733400583,-0.0002077876852126792,0.003700766246765852,-0.0033501137513667345,0.0018142268527299166,-0.0012820028932765126,-0.003927523270249367,-0.0007267476175911725,0.0010668969480320811,0.002607040572911501,-0.0020005113910883665,0.0019337054109200835,0.002977185882627964,-7.100657239789143e-05,-0.0005524483858607709,0.0012757446384057403,0.0017939008539542556,0.0009411824285052717,-1.9187091311323456e-05,0.0038865504320710897,-0.0038032575976103544,-0.0015371982008218765,0.0018067264463752508,-0.0008587489719502628,-0.0017636074917390943,-0.002812520368024707,-0.0006875667022541165,0.0008575475076213479,0.003209245391190052,-0.0012966422364115715,0.001890196348540485,-0.0008218502625823021,-0.00018139492021873593,-0.00015432873624376953,0.00027764911646954715,0.002513603074476123,0.0010980652878060937,-0.001180224702693522
4,-0.003512799274176359,-0.0025294492952525616,0.00041276466799899936,-0.0011156769469380379,-0.0003490673843771219,-0.0009564560023136437,0.003647405654191971,0.0028657950460910797,-0.001023364719003439,0.0038288806099444628,0.003774843877181411,0.0007325254264287651,0.0027000908739864826,-0.003850676119327545,0.0028535539750009775,0.001239714678376913,0.0038214554078876972,-0.0020025884732604027,-0.0004963907413184643,-0.0016409528907388449,0.003418670268729329,-0.0028959838673472404,-0.0011502454290166497,0.0020520819816738367,-0.0020764553919434547,-0.0027293607126921415,0.00027465587481856346,-0.0018883576849475503,0.0031572901643812656,5.7157631090376526e-05,-0.0019714736845344305,-0.0024211176205426455,0.0010515102185308933,0.00257771834731102,-0.003331251908093691,0.00368901458568871,0.0026264621410518885,-0.003321652766317129,0.0034236563369631767,-0.0014990255003795028,-0.003646134166046977,0.0029488878790289164,0.0009271497838199139,-0.0013314923271536827,-0.003297629998996854,0.0011084317229688168,0.0013618695084005594,0.002707822248339653,0.001070916885510087,0.0037620209623128176,-8.193655230570585e-05,-0.0030544421169906855,0.002104012528434396,0.002910203067585826,0.0012637951876968145,0.0003510492097120732,-0.003407748881727457,-0.0008199609001167119,0.003891710890457034,-0.00011615959374466911,-0.0033108596689999104,-0.0009681102819740772,0.0022378384601324797,0.0026974258944392204,0.00036691068089567125,-0.0020274193957448006,0.002341637620702386,-0.0026633222587406635,0.001381537178531289,-0.00044287924538366497,0.001934859436005354,0.0026343015488237143,0.0013598523801192641,-0.0007026430102996528,-0.0015408745966851711,-0.0007410522666759789,-0.0010969288414344192,-0.0006478189025074244,-0.0028819041326642036,-0.0017397368792444468,0.0013571771560236812,-0.0015712282620370388,0.0031879828311502934,0.003676682710647583,-0.0035264864563941956,-0.0016259774565696716,0.0008550792699679732,0.0011047604493796825,0.0008118720143102109,0.00019873719429597259,-0.002399814547970891,0.0012636975152418017,-0.0033626097720116377,0.0005417813663370907,0.0002194795961258933,0.0012939219595864415,-0.0006608320400118828,-0.0037214404437690973,-0.0032177986577153206,0.001358470064587891,-0.0036214757710695267,-0.0021324607077986,-0.0036772119347006083,-0.0011084027355536819,0.003977532032877207,0.0007494293386116624,0.0022852718830108643,-0.0028156975749880075,0.003071022918447852,0.0003697759530041367,-0.0009545202483423054,-0.0012345047434791923,0.0016959497006610036,0.001651539234444499,-0.002104645362123847,0.001384602626785636,-0.001323630684055388,0.0034090587869286537,0.0037435980048030615,0.0032129306346178055,0.0037234851624816656,0.003181755542755127,-0.0028105059172958136,-0.003755882615223527,-0.00219635758548975,0.0011653043329715729,-0.0011595682008191943,-0.0004438385076355189
5,-0.002420352306216955,-0.0036913598887622356,0.0014004847034811974,-0.0035179858095943928,0.0025461595505476,0.0017357384786009789,0.003391687525436282,0.00043419052963145077,-0.0020061691757291555,-0.003527471562847495,0.003790842602029443,0.0005427411524578929,-0.0024068409111350775,-0.00010200404358329251,-0.0018386426381766796,-0.0022405448835343122,0.0008756874594837427,-0.0018212419236078858,-0.0029860930517315865,-0.0036542124580591917,-0.003012298606336117,-0.003555610543116927,0.001728781033307314,0.002573656849563122,0.0023753084242343903,-0.0038433733861893415,0.001332440646365285,-0.0009503684705123305,-0.001515491516329348,-0.0014421349624171853,0.0026733768172562122,-0.0017021852545440197,-0.0018238017801195383,-0.0025050658732652664,0.0018616009037941694,-0.002578051993623376,-0.0021111886017024517,0.0014535615919157863,0.0021974050905555487,0.002752983942627907,0.0035657056141644716,-0.0016794451512396336,0.003814151044934988,-0.0031942029017955065,0.00029355171136558056,-0.0037348109763115644,0.0010475654853507876,-0.0004887641407549381,0.003607679856941104,0.002258141990751028,-0.0006517876172438264,-0.0012526368955150247,0.0008417609496973455,-0.0030886377207934856,0.000638381636235863,-0.003752125194296241,0.0009159022010862827,-0.002459926763549447,0.0006932549877092242,-0.00030452467035502195,-0.0026499831583350897,0.003496927674859762,0.0018490769434720278,0.0020417096093297005,-0.0010196157963946462,-0.0025095297023653984,-0.0008591865771450102,-0.0012614453444257379,-0.0014336758758872747,-0.0016586236888542771,0.0003502107283566147,0.002964403945952654,0.003291887231171131,-0.0028734314255416393,0.00011296960292384028,0.00348095316439867,5.123531082062982e-05,-0.00041303623584099114,0.001469610957428813,-0.0008708589593879879,0.003424674505367875,-0.0033440219704061747,-0.0011173951206728816,-0.0023882186505943537,-0.0033860281109809875,0.0003581390774343163,0.0021248485427349806,-0.0003526838554535061,0.003667725482955575,0.0020008350256830454,-0.0008112377254292369,-0.002972247079014778,0.0032191083300858736,0.002881796332076192,-0.0026704471092671156,0.0030613653361797333,-0.0014083972200751305,-0.001297225710004568,-0.0018636636668816209,-0.002547363517805934,0.0006621506181545556,0.0002493278298061341,-0.0004952277522534132,0.0037132492288947105,0.0011257888982072473,-0.0006366765592247248,-0.002847580937668681,-0.000891891133505851,0.0011172236409038305,-0.0010737315751612186,-0.0022501887287944555,0.0024746640119701624,0.0028636662755161524,-0.0005419875378720462,0.0033337194472551346,-3.2772146369097754e-05,-0.0005478402017615736,0.003408703487366438,-0.0014158411649987102,0.0018448932096362114,0.0006867457996122539,-0.001805147621780634,0.0007914436282590032,-0.0010941840009763837,0.003025987185537815,-0.0007410208345390856,-0.0029707462526857853,9.397708345204592e-05
6,0.002191289095208049,0.0035193609073758125,-0.00312899355776608,-0.00042789755389094353,-0.0038848903495818377,0.0010776702547445893,0.0031980883795768023,-0.0020202926825731993,0.0034600873477756977,0.0013882857747375965,0.0036161141470074654,-0.000773166655562818,0.002907429588958621,0.0006281646201387048,-0.0032476605847477913,-0.00011285738582955673,-0.0012602914357557893,0.0038814868312329054,-0.00284293363802135,-0.003649018704891205,-0.0025372011587023735,-0.0031307567842304707,-0.0010683343280106783,0.0032749956008046865,-0.003223405685275793,-0.0007606010185554624,0.0007581052486784756,0.00309898448176682,-0.003083740593865514,0.0011139705311506987,-0.002384806517511606,-0.0021618602331727743,0.0035363815259188414,0.001959630288183689,-0.0018568072700873017,-0.0021801386028528214,7.03740897733951e-06,0.00018647911201696843,-0.00364119210280478,0.0031953519210219383,0.0022619429510086775,-0.00034350273199379444,0.001649191603064537,0.00014576634566765279,0.0023407002445310354,-0.002297178376466036,0.0026311934925615788,0.003495576325803995,0.0030864598229527473,-4.407279993756674e-05,0.003288485109806061,0.0008596460684202611,-0.002854069694876671,0.000704575446434319,-0.001487853704020381,-0.0012055146507918835,-0.002161324955523014,0.0021622099447995424,0.0034039481543004513,-0.0036023969296365976,0.002609974006190896,-0.0020308364182710648,-0.0035275323316454887,0.0010233914945274591,-0.0036707778926938772,-0.0007689304184168577,0.0008022903348319232,0.00129647774156183,-0.0007774166879244149,-0.003701708745211363,-0.000627746107056737,-0.0010319334687665105,-0.0024817967787384987,-0.002218866255134344,-0.0004543348040897399,-0.0027005623560398817,-0.003769254544749856,0.0006100143073126674,0.001833603368140757,0.002755955792963505,-0.003420576686039567,-0.0035367514938116074,0.0020941945258527994,0.0033223824575543404,-0.000819432083517313,0.0038249921053647995,-0.001563236815854907,0.0022545065730810165,0.00046287098666653037,0.0013513972517102957,-0.0014291559346020222,7.364124030573294e-05,0.0022894057910889387,-0.0035383638460189104,-0.0038039495702832937,-0.0007662238203920424,0.0021658451296389103,-0.0017550424672663212,0.002239309251308441,0.0036655880976468325,-0.0018260078504681587,0.001235324889421463,-0.0030503433663398027,0.0024926825426518917,-0.003337163245305419,0.0019393753027543426,0.0004339277802500874,0.0029170322231948376,-0.003021609503775835,0.0016926703974604607,0.001925735268741846,0.002828299766406417,0.003856207709759474,-0.003202250925824046,0.0023506698198616505,0.0032397524919360876,0.0024460095446556807,0.0018737625796347857,0.0016259672120213509,-0.002075859345495701,-0.0013521475484594703,8.622327004559338e-05,0.00013426064106170088,0.0015510035445913672,0.0033730207942426205,-0.001795943477191031,0.0009911402594298124,0.0006582933710888028
7,0.003143185982480645,-0.0007971659651957452,-0.0037481035105884075,-0.00033404084388166666,0.002158221323043108,0.002523754956200719,-0.003034859662875533,-0.003102231305092573,0.0007923553930595517,0.0033869126345962286,0.0028140905778855085,0.0012620612978935242,0.004192340653389692,-0.00422264076769352,0.0022281066048890352,-0.0038979200180619955,-0.00017717199807520956,0.0033815305214375257,2.8213398763909936e-05,-0.001119942287914455,-0.00304598081856966,0.0014689844101667404,-0.003183797700330615,0.0026473808102309704,0.00016878341557458043,0.0034250300377607346,-0.0028202494140714407,-0.0022649771999567747,0.0029748145025223494,0.0011182762682437897,0.002933989744633436,-0.0009758314117789268,0.00321639864705503,-0.00020102097187191248,-0.003427106188610196,-0.0005644132615998387,0.0010598304215818644,-0.0017341960920020938,-0.000565120717510581,-0.001418994041159749,-0.0004650184710044414,0.0033052517101168633,0.0015596983721479774,0.000931750051677227,0.003030499443411827,-0.003289181273430586,0.0037276858929544687,0.003977520391345024,0.0029177300166338682,0.0002456471847835928,-0.0009133617277257144,0.0025890066754072905,0.0017841911176219583,-0.003463488770648837,0.0008042991394177079,-0.003044381272047758,0.0035872890148311853,-0.0014419835060834885,0.0021644392982125282,0.0013396015856415033,-0.0037541270721703768,0.000603199761826545,0.001641403534449637,9.717298962641507e-05,0.002993368310853839,0.0008862659451551735,0.0032184957526624203,0.0018036359688267112,0.002107769250869751,0.003927966579794884,-0.003690285375341773,0.002696376293897629,0.001455176854506135,-0.0034936429001390934,0.0020899262744933367,-0.0007907974068075418,-0.0022117679473012686,0.002282359404489398,-0.0024242231156677008,0.0037714194040745497,-0.0025326672475785017,0.002276643179357052,-0.003303888952359557,-2.834235601767432e-06,-0.003129033837467432,0.001958833308890462,0.0036016954109072685,-0.002213016152381897,0.002102914731949568,0.0003647715784609318,-0.0026064098346978426,-0.0037973669823259115,-0.0013161849929019809,-0.0021410821937024593,0.003788408823311329,-0.002924905391409993,-0.0034340936690568924,-0.001639263122342527,0.002686758292838931,0.0005109531339257956,-0.00036540854489430785,0.0032491465099155903,-0.0023258598521351814,0.0023959961254149675,0.0023813957814127207,-0.0029577019158750772,0.001981341512873769,0.000982604455202818,-0.002108367858454585,-0.00013525963004212826,0.00034069400862790644,0.003621526760980487,0.0019154499750584364,0.0025824448093771935,-0.003803692990913987,-0.0003052666725125164,0.0015346392756327987,-0.0012596662854775786,0.0023664634209126234,-0.00020335489534772933,0.0015576997539028525,0.003379369154572487,0.0031763333827257156,0.0006042953464202583,0.0010617939988151193,-0.003363529220223427,-0.0020094183273613453,0.0019627143628895283
8,-0.001689309487119317,0.0003085863427259028,0.0034273474011570215,0.0030346689745783806,-0.0035548661835491657,-0.0023242670577019453,-0.0017398822819814086,0.003321487456560135,-0.0005070572369731963,0.0034950533881783485,-0.003422061912715435,0.0017550474731251597,0.003243038197979331,0.002160825999453664,0.0002088058681692928,-0.0038260030560195446,0.0005982647999189794,-0.002102589001879096,-0.00026070341118611395,-0.001980916829779744,-0.001720357220619917,-0.0020263432525098324,-0.0023173426743596792,0.003938607405871153,8.343503577634692e-05,0.00035208003828302026,0.0007799035520292819,-1.9752034859266132e-05,0.002445400459691882,-0.0005132965743541718,0.003439450403675437,0.0027439850382506847,-0.0022865161299705505,-0.0009594662114977837,0.00020192192459944636,-0.0003519704914651811,0.0002139454591087997,-0.002462113741785288,-0.0011667199432849884,-0.0016418411396443844,-0.0006929046357981861,0.002102042082697153,-0.0037195340264588594,0.0015567172085866332,0.0028109911363571882,0.003264833940193057,0.0018167209345847368,0.0031044241040945053,0.0038186025340110064,-0.001516390242613852,-0.0005336810136213899,0.0033797186333686113,0.0014921959955245256,0.002037052297964692,-0.0010526819387450814,0.0022494043223559856,0.000629209098406136,0.0006932802498340607,0.0019227956654503942,-0.0012951471144333482,0.0035652779042720795,0.0017187107587233186,-0.002026701346039772,-0.002873340155929327,-0.0004440495977178216,0.002278189640492201,-0.0004108221910428256,0.003342588199302554,-0.0007535245385952294,0.0017205792246386409,-0.003930174745619297,-0.0008507947786711156,-0.0026624754536896944,0.0028599491342902184,-0.0013394535053521395,0.0033590488601475954,0.0030873948708176613,-0.0014376435428857803,-0.0014747881796211004,0.0036850913893431425,0.0005850502057000995,0.0023281241301447153,0.0007476577302441001,0.0007739568827673793,-0.0038222535513341427,0.0007200422696769238,-0.0038305509369820356,0.00044808577513322234,0.002194406697526574,0.0022537000477313995,-0.0011445595882833004,0.0030312207527458668,0.00029760028701275587,-0.0021342115942388773,0.003550710389390588,0.00012062131281709298,0.0006449049105867743,0.002878572093322873,-0.001686876523308456,-0.0025762624572962523,0.001183220068924129,0.0031129007693380117,0.002393903909251094,-0.0036927773617208004,0.0024815648794174194,0.0034251713659614325,-0.0036143744364380836,0.0036152030806988478,-0.0007088876445777714,0.0033864877186715603,0.0029131050687283278,-0.0018860520794987679,-0.002181301824748516,-0.0002333887096028775,0.003283750033006072,-0.0030833801720291376,0.003058827482163906,0.0002654345880728215,-0.0023199361748993397,0.00037893466651439667,0.002078286139294505,-0.00331242592073977,-0.000319714134093374,0.0019892335403710604,-0.001996903447434306,0.0011400736402720213,5.5459335271734744e-05,-0.0034777370747178793
9,0.0006036802078597248,-0.003013690933585167,0.0016336648259311914,-0.00013673333160113543,-0.002817417262122035,0.0009466109913773835,0.0023877182975411415,0.003814849304035306,-0.0007268397603183985,-0.003324982477352023,0.0034178944770246744,0.0017035274067893624,0.0012312086764723063,-0.0037381562869995832,0.00024350418243557215,0.001940011978149414,0.0024483914021402597,-0.003663714975118637,0.003023384604603052,0.002702857833355665,0.0029360742773860693,2.4121614842442796e-05,-0.0018953945254907012,-0.002498685847967863,-0.0005402330425567925,-0.001676318352110684,0.003788344096392393,-0.002710384549573064,0.00017788255354389548,0.0021743455436080694,0.001143170171417296,0.0015800558030605316,-0.00033859125687740743,0.0026141521520912647,-0.003354529617354274,-0.0023507396690547466,0.0014946439769119024,-0.003441565902903676,0.002458341186866164,0.003787440713495016,-0.002970145782455802,0.001472189906053245,0.0028570936992764473,0.0037143516819924116,0.002277853200212121,-0.002612285315990448,0.00011102683492936194,-0.001034426735714078,0.003039163537323475,-0.0008313886937685311,0.0015851970529183745,-0.001126845832914114,-0.0007080864743329585,0.0038828772958368063,-0.0010451733833178878,0.0032982472330331802,0.0035465839318931103,0.003053819527849555,-0.001522555248811841,-1.3683697034139186e-05,-0.000586223672144115,-0.0006101765902712941,-0.00035105471033602953,0.0015956279821693897,-0.002523805946111679,-0.0016478002071380615,-0.0005256228032521904,-0.0001420664630131796,-0.0003860257857013494,0.0014024977572262287,0.0017631642986088991,-0.001045621233060956,0.0034344757441431284,-0.003606904298067093,0.0025759506970643997,0.003302000928670168,0.0018881482537835836,-0.002252798993140459,-0.002210942329838872,-0.00014640932204201818,0.0038216912653297186,-0.0018971831304952502,-0.0018508603097870946,0.0007872590213082731,-0.0037729989271610975,-0.0020212403032928705,-0.002164136851206422,0.0007929614512249827,0.003233777591958642,0.002954277442768216,-0.0018489334033802152,-0.0018134127603843808,-0.001326398691162467,-0.0026218420825898647,0.002986710052937269,0.0012258683564141393,-0.0011754564475268126,0.001756058307364583,-0.002138708019629121,0.002071540569886565,-0.00015151406114455312,-0.002814806764945388,-0.0013874638825654984,0.0019683674909174442,0.0029495591297745705,-0.003833609400317073,0.0025172086898237467,-0.003835504874587059,0.0029617040418088436,-0.0011202822206541896,-0.002516048029065132,-0.0019437946612015367,-0.0017416535411030054,-0.0002505239681340754,-0.0036315275356173515,-0.0036661126650869846,0.00073496118420735,4.919341336062644e-06,0.0011867526918649673,0.0007959891809150577,0.000655382580589503,0.0008742061327211559,-0.0032138468232005835,0.002953171730041504,0.0014653734397143126,0.003715611295774579,0.00380043126642704,-0.0017974607180804014
10,-0.0017410272266715765,0.0030943527817726135,-0.0001637241948628798,0.0030913683585822582,0.001601231168024242,0.0013740397989749908,0.0033654978033155203,0.0021401257254183292,0.0008515840163454413,-0.0026315362192690372,-0.0029456696938723326,0.0020142074208706617,0.003590728621929884,0.00047666276805102825,0.0020508873276412487,-0.001339353621006012,-0.0005825543776154518,-0.0007941018557175994,-0.003769818227738142,-0.0033218548633158207,-0.0013560765655711293,0.0036758536007255316,-0.0007712136139161885,-0.0017153795342892408,0.003727736184373498,-0.003466283902525902,0.001994083169847727,0.002896483289077878,0.0007080677314661443,-0.0032480559311807156,-0.0013263477012515068,0.001421815948560834,-0.003432001220062375,0.002597517566755414,9.94546790025197e-05,-0.00379709480330348,-0.0006372904172167182,0.002602775814011693,-0.0012524172198027372,-0.0008331812568940222,-0.000283917470369488,0.0006688940920867026,-0.0017393202288076282,0.0015274165198206902,-0.0023985777515918016,0.002536761574447155,-0.0028660802636295557,-0.0023664566688239574,0.003256329568102956,0.0005598982679657638,-0.0020180235151201487,-0.0011682749027386308,0.0021826806478202343,-0.0032334739807993174,-0.0019357952987775207,0.0010016837622970343,0.003853245172649622,-0.002253325190395117,0.0031447187066078186,-0.0012007580371573567,-0.0006248204153962433,0.002588705625385046,-0.0004284846945665777,-0.001319953822530806,0.002463219454512,-0.0005397474742494524,0.0014752226416021585,-0.0002216448338003829,0.0020241253077983856,0.0002596706908661872,-0.0004847568925470114,0.0018273385940119624,-0.0017434305045753717,0.002985745668411255,0.0015627829125151038,-0.0015101175522431731,0.003113020211458206,0.0034487766679376364,0.00319145736284554,-0.0038259662687778473,-0.0013760174624621868,-0.00024907253100536764,0.000611096213106066,0.003390262834727764,0.0004166008438915014,-0.002219366142526269,0.0011042903643101454,0.003557671792805195,-0.0005597678245976567,0.003184760455042124,-0.0034315697848796844,-0.0018667529802769423,-0.0021653431467711926,0.00037964325747452676,0.0037696240469813347,0.0006623827503062785,-0.0013802626635879278,0.0019028516253456473,0.0009648246341384947,0.0013473666040226817,0.0016751063521951437,0.0023060888051986694,-0.002857918618246913,0.0026750804390758276,0.003837695810943842,-0.002402042504400015,-0.003466246882453561,0.0023382140789180994,-0.0010029476834461093,0.0020904885604977608,0.0012475537369027734,0.003014874877408147,-0.0004405002691783011,-0.0027424131985753775,0.003599985968321562,0.00044179309043101966,-0.0027228870894759893,-0.0013790047960355878,0.0034880242310464382,0.0022339343558996916,0.0004578728403430432,0.0005542601575143635,0.00195472314953804,0.0005564956227317452,-0.001180020859465003,0.0010420987382531166,-0.0001102418900700286,-0.00021622581698466092
11,-0.0007775687263347208,-0.0003838447155430913,-0.0020818528719246387,-0.0005778672057203948,0.0023027972783893347,-0.00018034053209703416,-0.002723878715187311,-0.0012732148170471191,0.0007247881148941815,0.003023120341822505,-0.001978424610570073,-0.0014982933644205332,0.0009318609954789281,-0.0015090962406247854,0.0036864851135760546,-0.001812051166780293,-0.0003597558243200183,-0.002508428180590272,-0.0012755808420479298,1.699261338217184e-05,-0.0035343801137059927,0.003828496905043721,-0.002785157412290573,-0.0018435834208503366,-0.0036462971474975348,0.003210937138646841,-0.0033794373739510775,-0.00014826645201537758,-0.0014822760131210089,-0.003174080979079008,0.0022802739404141903,0.0029649510979652405,-0.0018528698710724711,0.00022928116959519684,0.0029075355269014835,-0.0013354287948459387,0.00021785548597108573,0.0022856418509036303,0.00153726851567626,0.0006851970683783293,-0.0005724570364691317,0.003382244613021612,0.0011643508914858103,-0.003148674964904785,-0.0008858347428031266,-0.0016208027955144644,0.002281335648149252,-0.0007046660175547004,0.0015009416965767741,-0.002520207781344652,0.0038989949971437454,-0.0035310990642756224,0.004025179427117109,0.001261086785234511,0.0010407505324110389,-0.0035094479098916054,0.002207148587331176,-0.001602869015187025,0.0005620509036816657,-0.0029503745026886463,-0.0010967269772663713,-0.0011861624661833048,-0.0031630678568035364,0.0017212831880897284,-0.0022016384173184633,0.0036966511979699135,0.0013782893074676394,0.0013859912287443876,0.0010325982002541423,0.0011522970162332058,0.0004893862642347813,-0.0023054825142025948,-0.0032151145860552788,-0.0013420741306617856,0.00025636859936639667,-0.0013885105727240443,-0.00219895550981164,0.0002151366788893938,0.0007757407729513943,0.0018962782341986895,0.0016654671635478735,0.0005517276003956795,0.0013772491365671158,0.0028382253367453814,0.0011615698458626866,0.0026141423732042313,-0.0011685920180752873,-4.6078341256361455e-05,0.0022484275978058577,0.003738393308594823,0.0005291164270602167,-0.0020471655298024416,0.0008345881942659616,-0.0014707325026392937,0.0018013350199908018,-0.003728024661540985,0.0018609781982377172,-0.0013403499033302069,0.0032209435012191534,0.0010330993682146072,-0.00118266383651644,0.002630512695759535,0.0006467343191616237,-0.0032555791549384594,0.0014865781413391232,-0.0006555885775014758,0.0005439671804197133,-0.002458197996020317,0.0007934539462439716,0.001458324259147048,-0.0032021510414779186,0.0036734221503138542,6.517460860777646e-06,-0.0017844178946688771,-0.0004676566459238529,0.003927492070943117,-0.00048599051660858095,0.0021915382239967585,0.0007668040343560278,0.001875402987934649,-0.0015336747746914625,-0.002483937656506896,0.0003309055173303932,0.0014727076049894094,0.0020426930859684944,0.003545752028003335,0.0017886745044961572,0.003291080007329583
12,-0.0009055868140421808,-0.0021966244094073772,-0.0013302399311214685,0.003362104296684265,0.001344323274679482,-0.00026280476595275104,0.0006749557796865702,-0.0023706627544015646,0.0029545098077505827,0.0007233274518512189,-0.00391785055398941,-0.0037496378645300865,0.0026098203379660845,-0.0031717782840132713,0.0016114460304379463,-0.0013158764922991395,0.0027230449486523867,-0.0021107380744069815,0.0034418452996760607,0.0005206106579862535,0.0033893631771206856,-0.0012236175825819373,0.000239205764955841,-0.0004803641058970243,0.0026603771839290857,-0.0021588539239019156,-0.0006467264029197395,0.001764606568031013,0.0005835083429701626,0.0037672712933272123,0.001445487723685801,-0.0017490742029622197,-0.0034262463450431824,-0.0039063082076609135,-0.0021315435878932476,0.0013026155065745115,-0.0012792190536856651,-6.382572610164061e-05,0.0013013931456953287,0.0038871874567121267,0.0010265493765473366,-0.0004527070850599557,0.0018181598279625177,-0.00014088170428294688,0.0017036587232723832,7.854512659832835e-05,0.0025444384664297104,0.002980152377858758,0.002680438570678234,-0.0024096942506730556,-0.00332703092135489,-0.003351257648319006,0.002063651569187641,0.00021837388339918107,0.003468883689492941,-0.0009042436722666025,0.0015222535002976656,-0.0014730426482856274,-0.0015856047393754125,-0.002976863645017147,-0.001700574066489935,0.00366635387763381,0.003837685100734234,0.00369181833229959,-0.0002878335944842547,0.002543310634791851,0.0005268516833893955,0.0008351431461051106,-0.002038957318291068,0.0038011546712368727,0.001765107735991478,0.003226672997698188,0.0034971556160598993,0.0014339123154059052,-0.0022404759656637907,-0.001017073169350624,-0.0017273669363930821,-0.0008273461717180908,0.0012808205792680383,-0.000764180498663336,-0.0036725124809890985,-0.0036100810393691063,0.0013670936459675431,0.002554081380367279,0.0033149325754493475,0.0034597893245518208,0.00043085147626698017,-0.0006249001598916948,0.001010267878882587,-0.003118658671155572,-0.002287138719111681,0.0026249168440699577,0.0007457468891516328,0.0020004299003630877,0.0019891157280653715,0.0006189888226799667,-0.003427069401368499,0.0022061190102249384,-0.00032220620778389275,0.003010335611179471,-0.0038051200099289417,-0.0024948525242507458,0.00035762478364631534,0.0005694981664419174,0.0011702219489961863,0.003561072750017047,0.003246054984629154,0.0036112626548856497,0.0029188075568526983,0.003916995134204626,0.0016382727771997452,0.0013268747134134173,-0.0018435606034472585,0.001902367570437491,-0.001870471052825451,0.003423045389354229,0.0028838333673775196,0.0030923315789550543,-0.0009136092849075794,0.0025650958996266127,0.0013587517896667123,-0.002831381978467107,6.016619227011688e-05,0.00030038546537980437,-0.0037302395794540644,-0.0023528707679361105,3.317167647765018e-05,0.002024660352617502
13,0.000357456156052649,0.0026784040965139866,0.0038567413575947285,0.00033680140040814877,0.002321577165275812,-0.0013675378868356347,0.0006232039886526763,0.001962769078090787,0.001263278303667903,-0.0023136187810450792,0.0014061644906178117,-0.003798206802457571,0.003142307745292783,-0.002132655354216695,-0.002774878405034542,-0.001616337220184505,-0.0030949984211474657,-0.0025044819340109825,0.0014083621790632606,-0.002932243747636676,0.002893642755225301,0.0007784974877722561,-0.002868251409381628,0.003241568338125944,-0.0025651275645941496,0.0035666394978761673,-0.00364091107621789,-0.001812695642001927,0.003815076546743512,-0.001721913693472743,-0.0005645080818794668,0.0018225472886115313,0.003481111256405711,-0.001145457150414586,-0.0034683910198509693,0.002580248052254319,0.00375582673586905,0.00010460712655913085,-0.0006044519832357764,0.0013252418721094728,0.0030588924419134855,0.0023618207778781652,0.0007436257437802851,0.000601431995164603,0.0017391425790265203,0.0028480777982622385,0.0023637074045836926,0.004014639183878899,-0.0011211163364350796,-2.933873656729702e-05,0.003337812377139926,-0.002067633904516697,0.0014610913349315524,0.0013675086665898561,0.0025888632517307997,-0.003881963202729821,0.002921673934906721,-0.002513572573661804,-0.0026349446270614862,0.0016999220242723823,0.00043007300700992346,-0.0001736279227770865,-0.001380760921165347,0.003023607889190316,0.0005153741221874952,0.004056575242429972,0.0006313109188340604,0.0029197265394032,-0.003255059476941824,0.0029195535462349653,-0.001519730780273676,-0.0007711159414611757,-0.0009863509330898523,0.00017750485858414322,0.00044128409354016185,0.0031308780889958143,0.001865402446128428,0.0005626178462989628,-0.0001346747303614393,-0.0010954153258353472,-0.0016532939625903964,0.003102492308244109,0.0037876837886869907,-0.0006865410250611603,0.0018415338126942515,0.0038707272615283728,0.002744058845564723,-0.0026520327664911747,-0.0020917821675539017,0.003606067970395088,-0.0027192046400159597,-0.001364252413623035,-0.0015226468676701188,0.00011437886860221624,0.001978987827897072,-0.002101826947182417,0.002848041243851185,-0.001068890793249011,-0.0027246514800935984,0.0010135883931070566,-0.0029745360370725393,-0.0005447944859042764,0.0032262017484754324,0.0004748558276332915,-0.00130163982976228,0.0011450829915702343,0.0007395321154035628,-0.0027943041641265154,-0.0012691649608314037,0.0009416340617462993,0.0016814410919323564,-0.0008581199217587709,-0.0033470347989350557,-0.002614634810015559,-0.0011586231412366033,0.0013163830153644085,0.0009908727370202541,0.0013293754309415817,-0.002925591077655554,-0.0038690855726599693,0.002814910840243101,0.00043114658910781145,-0.002984721912071109,-0.002796029904857278,0.002452288521453738,0.0025248932652175426,0.0034193131141364574,-0.002531860489398241
14,-0.001775395474396646,-0.0029493041802197695,0.0028604231774806976,-0.0028880173340439796,-0.0034288836177438498,-0.0007607846055179834,0.0015686738770455122,-0.0029054919723421335,-0.0015319668455049396,-0.002251539146527648,-0.0026393604930490255,-0.00200954033061862,-0.0012362039415165782,0.0020884752739220858,0.0008762552752159536,-0.0018603736534714699,0.0025042740162461996,0.0006976570002734661,0.003489303169772029,-0.001122190267778933,-0.00021136921714060009,-0.003845077008008957,-0.00326604675501585,-0.0001566573919262737,-0.0033028731122612953,-0.0011111675994470716,-0.0010222636628895998,0.0014444052940234542,-0.0033422689884901047,-0.002004028530791402,-0.001748069655150175,0.0032497297506779432,-0.002147806342691183,0.0002643977932166308,0.0017822377849370241,0.0019354107789695263,-0.003699199529364705,0.0014567243633791804,-0.0007950112340040505,-0.0018276385962963104,0.0003297158400528133,-0.0015465283067896962,0.0037909490056335926,-0.0020351288840174675,-0.0019234224455431104,-0.0005111792706884444,0.0016166609711945057,0.0027152274269610643,-0.0011595359537750483,-0.0020243830513209105,-0.002275008475407958,0.0033608893863856792,0.002819427289068699,0.0006914968835189939,-0.0009494450641795993,-0.0024078995920717716,0.0022905573714524508,-0.0011132663348689675,0.001489207148551941,-0.0021019945852458477,0.0032606031745672226,0.0011834448669105768,-0.0013564054388552904,0.0010787822538986802,0.0015183156356215477,0.0003037218120880425,-0.0005220392486080527,0.0008873720071278512,0.0005257774610072374,0.0024574571289122105,-0.0015301950043067336,0.0022296872921288013,0.0030979409348219633,0.0021106693893671036,-0.0035167657770216465,-0.0022559307981282473,0.0021794652566313744,0.00089388428023085,0.00011455843923613429,-0.002731107408180833,-0.0020314729772508144,-0.0002594892866909504,0.0006136308657005429,0.0029117849189788103,-0.001285623642615974,-0.0016683380817994475,-0.0023553671780973673,-0.003302288707345724,0.0013838500017300248,0.0035892492160201073,-0.0010243054712191224,0.0016679534455761313,0.0014994422672316432,0.0014599952846765518,0.0009059335570782423,0.002016546903178096,0.003662525676190853,0.0025742934085428715,0.0023270430974662304,0.001700280001387,0.0033536290284246206,-0.002799996640533209,-0.00019291162607260048,-0.0038216302637010813,0.00048697361489757895,0.0013872786657884717,0.0020809932611882687,0.0034188758581876755,0.0007054705638438463,-0.0036970984656363726,-0.00014370010467246175,-3.7042656913399696e-05,0.001994634512811899,-0.00393155450001359,0.0009192436118610203,-0.0023291721008718014,0.00013108638813719153,-0.0015218675835058093,0.0023401647340506315,-0.0036306758411228657,0.0014891020255163312,0.0013938543852418661,0.0007384870550595224,0.0019267791649326682,0.0008808812126517296,-0.0014701408799737692,-0.0023739528842270374,0.001759663107804954
15,0.003558903932571411,0.0022691756021231413,0.001338411238975823,0.00027531269006431103,-0.003058759029954672,0.001124669099226594,-0.0011789945419877768,-0.0007489386480301619,-0.0025227582082152367,-0.003427135059610009,0.0008522825664840639,-0.000661612197291106,-3.539391764206812e-05,-0.0020036031492054462,-0.0037309902254492044,0.0021559239830821753,-0.0019636056385934353,0.0031041044276207685,0.00017862913955468684,-0.0005235019489191473,-0.003121913643553853,-0.0022263959981501102,0.0033530620858073235,-0.0013726730830967426,0.0036505749449133873,-0.0007156754727475345,0.0016703641740605235,-0.0016710046911612153,0.0010736719705164433,-1.7550442862557247e-05,-0.003229814814403653,0.0008408796275034547,-0.003736253594979644,0.0032046185806393623,0.0009446445619687438,-0.0015707876300439239,-0.003834518138319254,-0.002340861828997731,0.0006281313835643232,-0.0001438155595678836,-0.0027548831421881914,-0.0018013850785791874,-0.0008276742300949991,-0.00012454316311050206,-0.0015587186207994819,0.0019072411814704537,-0.002647286979481578,-0.001527315704151988,-0.0008274300489574671,-0.0023727831430733204,-0.0023232868406921625,0.0008510432671755552,6.933266558917239e-05,0.001309460261836648,0.000251555087743327,-0.0016628297744318843,0.001599803683348,0.0009629749110899866,-0.001939171925187111,-0.0011009940644726157,0.0035889381542801857,-0.0022871813271194696,-9.425677126273513e-05,-0.0011976748937740922,-0.00011952924978686497,0.0031813106033951044,0.0014776933239772916,-0.0033216632436960936,-0.0020920801907777786,0.00029553589411079884,-0.0034634030889719725,-0.0009996003936976194,-0.0014787421096116304,0.002586988266557455,0.0029798492323607206,0.002173707587644458,0.0013422175543382764,0.0028645494021475315,-0.0034611711744219065,-0.002841879380866885,0.0012921786401420832,0.0014567566104233265,0.001774556702002883,-0.0016780922887846828,0.00021058323909528553,-0.0020931244362145662,-0.000720925978384912,-0.002040204592049122,-0.0030521356966346502,0.002967132953926921,-0.002925512148067355,0.0015310047892853618,-0.002857318613678217,0.0030403551645576954,0.00020746953669004142,-0.0031503993086516857,0.0019366675987839699,0.002507369266822934,0.0010165778221562505,-0.0010717407567426562,0.0015559602761641145,0.00019083614461123943,0.0007969841244630516,0.0012296374188736081,0.00041192007483914495,0.003499029204249382,-3.415264291106723e-05,0.0010018273023888469,-0.0012549780076369643,-0.0018001107964664698,-0.0004591632750816643,-0.0007400715257972479,0.001294726156629622,0.0037084463983774185,-0.002313170349225402,0.001011799555271864,0.0017576294485479593,-0.002065125619992614,-0.0014138906262814999,-0.0006108256056904793,-0.0008218159782700241,-0.002511656377464533,-0.0024643330834805965,0.0027514612302184105,0.0035663640592247248,-0.0005506702582351863,0.0015470704529434443,-0.000336996658006683
16,-0.0035044203978031874,-0.00040535529842600226,0.002864559879526496,0.0002801860391627997,-0.0022465893998742104,0.0008825318654999137,-0.00026010521105490625,0.002786751138046384,-0.0016901497729122639,0.0010062905494123697,-0.00016717944527044892,-0.0032511476892977953,0.0014669854426756501,-0.002286493545398116,0.002824219409376383,-0.0021203879732638597,-0.0015264597022905946,0.003085103817284107,-0.003606250276789069,-0.0018543160986155272,0.0024615423753857613,-0.0019662990234792233,-0.0011180825531482697,0.0015328902518376708,-0.0036664854269474745,-0.0035957354120910168,-0.002815931336954236,-0.0023066748399287462,0.00327575346454978,0.0030171952676028013,0.0035283630713820457,-0.00307742808945477,-0.003531793365254998,0.0027920459397137165,0.001744113047607243,-0.003607731545343995,-0.00040737594827078283,0.0024228731635957956,-0.003804566105827689,-0.0018543319310992956,-0.002112189307808876,0.003341387491673231,0.0034901760518550873,-0.0028149390127509832,0.0033519663847982883,-0.0005780468345619738,-0.0031678874511271715,0.0005417036591097713,0.0023280619643628597,-0.003997109364718199,0.0036306658294051886,-0.0004616043879650533,0.003642086638137698,0.003212220501154661,0.0005135825485922396,-0.0012106542708352208,0.00033712416188791394,0.003198685124516487,-0.00034709114697761834,-0.0029507095459848642,0.0013170323800295591,0.003852428635582328,-0.001262734760530293,-0.0031777345575392246,0.0024306627456098795,0.0006220336654223502,-0.0033846497535705566,0.0038491974119096994,0.002851529512554407,-0.0007495230529457331,-0.0013327145716175437,-0.003069905797019601,-0.0038021127693355083,-0.002289017429575324,0.003502446226775646,0.0017115938244387507,-0.0015014656819403172,-0.0019838237203657627,0.0031908086966723204,-0.0007870321860536933,0.00234386813826859,-0.00021944397303741425,-0.0034299083054065704,-0.0011132867075502872,0.0015641502104699612,-0.000978947733528912,0.0025623987894505262,-0.004014378413558006,0.0029719260055571795,0.001858909847214818,-0.00022843452461529523,-0.0034377214033156633,0.0008214377448894083,-0.0006528679514303803,-0.0012991665862500668,0.003137234365567565,0.0006731405155733228,-0.00020616625261027366,-0.002895985497161746,-0.0015294532058760524,0.0022793272510170937,0.002244608011096716,-0.0039151618257164955,0.0013825020287185907,-0.0025047024246305227,-0.001214019488543272,-0.0037606279365718365,-0.0036910674534738064,-0.00012861333379987627,-0.003161271568387747,-0.0029547973535954952,-0.0038374140858650208,-0.0018997677834704518,-0.0023922191467136145,0.0018382859416306019,0.0024779820814728737,-0.0023065204732120037,-0.0011534703662618995,0.0013812051620334387,0.0004867450625170022,0.0034043798223137856,-0.003900756360962987,-0.0007604531710967422,0.002472867490723729,-8.157997945090756e-05,0.002947848755866289,-0.001533794915303588,4.275537867215462e-05
17,-0.0011000927770510316,-0.0001936685002874583,0.00262478762306273,0.002736947499215603,-0.0038135661743581295,0.0010164912091568112,0.0023787161335349083,0.00011994244414381683,-0.0017352354479953647,0.0031897989101707935,0.00010426941298646852,0.0037052666302770376,-0.0034697214141488075,0.0014321573544293642,0.0030077446717768908,-0.0032702134922146797,-0.002289895433932543,0.003631986677646637,0.0021353219635784626,-0.002455869223922491,-0.0037095672450959682,-0.0034369314089417458,-0.0020116008818149567,0.00023461664386559278,0.0006595348822884262,0.0006939743179827929,0.0034845289774239063,-0.00027962325839325786,-0.003364581847563386,0.0007955511100590229,0.002357672667130828,-0.00014488451415672898,-0.00045021818368695676,-0.0004242542781867087,-0.0022420950699597597,-0.0017334290314465761,0.0007146982243284583,-0.0015646240208297968,0.001582233584485948,-0.0004072470765095204,-0.00042921086424030364,0.0006268865545280278,0.00011544017615960911,-0.0017592663643881679,0.00033314042957499623,-0.0021668041590601206,0.0018216121243312955,0.0020990425255149603,-0.0010910695418715477,-0.0035638068802654743,0.0015908789355307817,0.002867031842470169,0.00021319318329915404,-0.0005861168028786778,-0.001048354897648096,0.0028983650263398886,-0.0011255592107772827,0.002116965828463435,0.00027959406725130975,-0.002594815334305167,0.0024686239194124937,-0.00024356179346796125,0.001578596537001431,-0.0015843252185732126,-0.0010580795351415873,-0.00182430911809206,0.0008659622399136424,0.003216926474124193,-0.0008085350273177028,0.003048850456252694,0.00308591709472239,0.0035409582778811455,0.0030353872571140528,-0.002386628184467554,-0.0008790447027422488,0.0009662320953793824,0.003482908708974719,-0.0035448430571705103,-0.0005174973048269749,0.0034294219221919775,-0.0015215197345241904,0.003427046351134777,-0.0009102383628487587,-0.0019749391358345747,-0.003025403944775462,0.0011887751752510667,0.0032908404245972633,0.0034098674077540636,-0.0024142060428857803,-0.0021889512427151203,-0.0008949754410423338,0.0011190774384886026,0.0026741379406303167,0.0015305066481232643,-0.0024751878809183836,-0.002110130153596401,-0.0001091888771043159,0.0031744237057864666,-0.003514220705255866,-0.000258622836554423,9.144008799921721e-05,0.00023472080647479743,-0.0037308468017727137,-0.003592889988794923,-0.0029629019554704428,0.0017975142691284418,0.0013278246624395251,-0.001662118243984878,-0.0015498477732762694,-0.0008363178931176662,0.002711570356041193,0.001901468145661056,0.0009928095387294888,0.0017267916118726134,-0.0018836574163287878,0.0036429341416805983,-0.0005236547440290451,-0.00030579237500205636,0.0010411313269287348,-0.0010507345432415605,0.0028151648584753275,0.003786570392549038,-0.0001545797858852893,0.0019658824894577265,-0.0031730274204164743,0.0033668125979602337,-0.0015337987570092082,-0.00027546213823370636
18,0.001539737917482853,-0.001196530763991177,-0.0001293014211114496,-0.0032124605495482683,-0.0033079273998737335,0.0037681153044104576,0.0036712209694087505,0.002775385044515133,-4.076177447132068e-06,-0.0033681399654597044,0.00205616164021194,-0.0037617566995322704,0.0011731722624972463,-0.0026949888560920954,-0.0007281762082129717,-0.0035075326450169086,-0.0002257036103401333,-0.000608147238381207,0.003860573982819915,0.0013461061753332615,-0.0003911200328730047,0.0015983321936801076,0.0035182565916329622,-0.00045280050835572183,-0.0020933758933097124,-0.000994071364402771,0.0032385573722422123,-0.000859115447383374,-0.0013462727656587958,-0.000662196078337729,0.002863363130018115,-0.003438526066020131,0.0034326130989938974,0.0001631927880225703,-0.0007890339475125074,-0.0035309328231960535,-0.0027446644380688667,-0.0007716010441072285,-0.002910896670073271,0.0011356215691193938,0.0028257439844310284,-0.0001461366337025538,0.001033293316140771,-0.002041997853666544,-0.0010074633173644543,-0.0031095396261662245,0.003688712138682604,0.001924148527905345,-7.416504377033561e-05,0.002514475490897894,-0.002173355082049966,-0.003389231860637665,-0.001133931102231145,0.002088407753035426,0.0037841852754354477,0.0027272708248347044,0.002129425760358572,0.0006576377782039344,-0.0009962556650862098,-0.0035188563633710146,0.002068096539005637,-0.0022336221300065517,-7.41239491617307e-05,0.002602191874757409,-0.0009276217315346003,-0.0020822423975914717,0.00048023866838775575,-0.002363861771300435,-0.002177643124014139,-0.003687098389491439,0.003169834380969405,1.5718511349405162e-05,0.0035457329358905554,0.0016701857093721628,0.0034127302933484316,-0.0038179780822247267,0.0034905285574495792,-0.0018590791150927544,-0.0006036260165274143,-0.0013624693965539336,0.0033578036818653345,0.0012899786233901978,-0.0023200262803584337,0.002210758626461029,-0.0035070430021733046,-0.0016900480259209871,0.002955028321594,-0.0032426179386675358,-0.003721521468833089,0.0027808507438749075,0.0007860865443944931,0.002459095325320959,-0.003509124740958214,-0.001283447491005063,0.0024390630424022675,-0.0008428686996921897,-0.0021252178121358156,0.0012727994471788406,-0.0012612459249794483,-0.00345638208091259,-0.0038524374831467867,0.0006455021211877465,0.0022723774891346693,0.003511824645102024,-0.0026190991047769785,-0.0028736565727740526,-0.0005456062499433756,0.0038738311268389225,0.0019535673782229424,0.0014998730039224029,0.00047969998558983207,-0.0020582780707627535,-0.0012645871611312032,0.00019544418319128454,0.00024217441387008876,0.001584999030455947,-0.003144837450236082,-0.003342698561027646,-0.0012372694909572601,0.0012931455858051777,0.0017867801943793893,-0.002392519498243928,-0.003802925581112504,0.0005488416645675898,-0.0033041704446077347,0.002328928094357252,0.0025821577291935682,-0.0003305696591269225
19,0.0021345389541238546,-0.0027125857304781675,-0.002821915550157428,-0.0013373303227126598,0.001328988466411829,-0.0018889432540163398,-0.0016945336246863008,1.3716172361455392e-05,-0.0007244758890010417,0.0002507191675249487,-0.0021808287128806114,-0.0016529344720765948,0.0019327040063217282,-0.0036565540358424187,-0.0004124839906580746,-0.0040750871412456036,0.0022831354290246964,0.0038288221694529057,0.0014465093845501542,0.0001158598461188376,-0.001316781505011022,0.002606313908472657,0.003865100909024477,-0.0032040560618042946,0.0035849381238222122,0.002009495161473751,-0.000786083284765482,-0.0034625569824129343,0.0007834613788872957,0.0009293271577917039,0.0030643651261925697,0.0010477214818820357,0.0028744058217853308,-0.003053976222872734,-0.002115738345310092,-0.0005247459630481899,-0.002567195799201727,0.001788698136806488,0.0016247582389041781,-0.0005776670295745134,-0.00305070704780519,0.0003199706843588501,-0.0019507938995957375,-0.0007673970540054142,0.0026964598800987005,-0.002852868288755417,0.002086712047457695,0.0004373981209937483,-0.0006155316368676722,-0.0029577070381492376,0.0014208321226760745,0.002812287537381053,-0.0022316095419228077,0.0029790340922772884,-0.0007648241007700562,0.0037976664025336504,-0.00017272704280912876,-0.002462284406647086,-0.0005821295198984444,0.0023408373817801476,0.0003077629953622818,0.0018393376376479864,0.0024857379030436277,-0.0008485463331453502,0.002462489064782858,0.0005837465287186205,-0.0022249703761190176,-0.0008323753136210144,-0.001059158006682992,0.00023019853688310832,-0.0037735167425125837,-0.001270380336791277,0.002613010350614786,0.0001341986353509128,0.0009434568928554654,-0.0005407162825576961,-0.0006631206488236785,-0.0015603493666276336,0.00014037606888450682,-0.0028957934118807316,0.0016897505847737193,0.002833940787240863,-0.000510223675519228,0.003156250575557351,-0.0029352218843996525,0.000836738443467766,0.0016727214679121971,-0.002080010250210762,-0.0019537329208105803,0.0010733500821515918,-0.0036968092899769545,-0.004048046190291643,0.0038273341488093138,-0.003401963273063302,-0.0010802492033690214,-0.0033347425051033497,0.00015189635450951755,0.0027676185127347708,-0.0024089510552585125,2.2099175112089142e-06,0.0007753517711535096,-0.0007233528885990381,-0.0031242237892001867,0.0015825283480808139,-0.002791364211589098,-0.0011094259098172188,0.0015328029403463006,0.0019422667101025581,-0.0005201920284889638,0.002281537977978587,0.0007443700451403856,-0.0028784209862351418,0.0010573116596788168,0.0017058283556252718,-0.0032707219943404198,-0.00042993173701688647,0.003582792356610298,0.003926962148398161,0.0002721927303355187,0.0008391090668737888,-0.0017900945385918021,0.0036719609051942825,0.0012282580137252808,-0.0033503815066069365,-0.0024752444587647915,-0.0009312753682024777,0.0032829155679792166,-0.0024588925298303366
20,0.001985871698707342,-0.0032751373946666718,-0.0007804499473422766,-0.0028805388137698174,0.003677957458421588,0.0015501035377383232,-0.0026974529027938843,0.0005230797687545419,0.0005905600846745074,0.0014083642745390534,-0.0020494190976023674,0.003803313011303544,0.00012481633166316897,-0.001077971188351512,0.0008810756262391806,-0.0024024820886552334,-0.0002337100449949503,-0.0008299091132357717,-0.001013752305880189,-0.003116805572062731,-0.0036426037549972534,0.0023737603332847357,0.0030197403393685818,-0.00038931253948248923,0.0031222717370837927,-0.003353527747094631,0.0009780708933249116,0.0019118021009489894,0.0016589645529165864,-0.00024068521452136338,-0.00044555956264957786,-0.0025842345785349607,-0.003641263348981738,-0.0026385197415947914,-0.0025672561023384333,0.0003328326274640858,-0.0007311833323910832,0.0008903625421226025,0.0023373111616820097,-0.001779255922883749,-0.001270539010874927,-0.002219699788838625,0.0037494776770472527,-0.002683333121240139,-0.0031547960825264454,0.002642539096996188,0.0008186365012079477,0.0011857955250889063,-0.0019571934826672077,0.0035182510036975145,-0.002788015641272068,0.0001368280645692721,0.0019748625345528126,-0.0032471704762429,-0.0018121403409168124,-0.002740384778007865,-0.0036355294287204742,0.00029584128060378134,0.001154275145381689,-0.0009088529041036963,0.0005003967671655118,-0.00039453510544262826,-0.0018738078651949763,-0.0010298517299816012,-0.0029325035866349936,-0.0005090322229079902,-0.00010422932973597199,-0.003006070153787732,-0.0010509492130950093,-0.0013984260149300098,-0.003242864739149809,0.002235431456938386,0.00032716631540097296,0.0035677840933203697,-0.0033898528199642897,7.764699694234878e-05,-0.0023612703662365675,-0.003198337974026799,0.0002989427011925727,0.002016991376876831,0.00033456459641456604,-0.000619151396676898,0.0003437404811847955,0.0014305346412584186,0.001969245495274663,0.0014246598584577441,0.0012001057621091604,-0.00016812948160804808,0.0017429772997274995,-0.0004511796869337559,-0.0033541247248649597,-0.0019072024151682854,0.003330840962007642,-0.0016607251018285751,0.00393069488927722,0.0013228696770966053,0.003533655311912298,-0.0024543043691664934,0.0013762169983237982,0.0003451839438639581,-0.0037133933510631323,0.003275417722761631,-0.0028785457834601402,-0.0003714041376952082,0.0010832003317773342,-0.003148117335513234,-0.0012831180356442928,-0.0014204198960214853,-0.003084023017436266,0.0035554575733840466,0.003669547848403454,-0.0006266304990276694,-0.0028114186134189367,-0.0012276583584025502,-0.0028529197443276644,-0.003363130148500204,0.0010588073637336493,0.0037907070945948362,-0.0015179394977167249,0.0037879589945077896,0.0017705268692225218,0.0005857282667420805,-0.0035706576891243458,0.0018298689974471927,7.920194184407592e-05,0.0028146717231720686,0.0008288566605187953,0.0037121314089745283
21,0.0026200530119240284,-0.003342850599437952,0.0010175572242587805,-0.0009267627028748393,-0.0037947464734315872,0.0017242294270545244,-0.0030445242300629616,0.003638379042968154,0.0016825543716549873,0.0009341095574200153,-0.003625806886702776,0.0025505339726805687,0.002829386154189706,-0.003390610683709383,0.0005299705662764609,0.003160210559144616,-0.003881278680637479,0.0011214554542675614,-8.838428038870916e-05,-0.0010669659823179245,-0.002970048226416111,0.0016954184975475073,-7.103549432940781e-05,-9.831385250436142e-05,-0.002198444679379463,-0.002945717191323638,0.0018127952935174108,-0.0010675950907170773,-0.0036718002520501614,0.0012760375393554568,-0.0032331885304301977,-0.0035271302331238985,-0.003339755581691861,-0.003468048758804798,-0.0014905245043337345,0.0038273315876722336,-0.0015797431115061045,0.0036246003583073616,-0.0025110228452831507,-0.0015764179406687617,-0.0036822000984102488,0.0007268000044859946,0.00020833892631344497,-0.0032007836271077394,-0.0006095524877309799,-0.0037999404594302177,0.0016320846043527126,0.003220446640625596,-0.0008380824001505971,-0.003478786675259471,-0.0005009017186239362,-0.0017265642527490854,-0.0015926089836284518,0.001046382007189095,0.0009336608927696943,-0.003924653399735689,-0.0034277979284524918,0.002066269051283598,-0.0003915018169209361,-0.0005259682075120509,0.003643086878582835,-0.0015527299838140607,0.002630041679367423,-0.00025446980725973845,0.0010855778818950057,0.002337393583729863,-0.002452779794111848,0.0018164393259212375,-0.0029280243907123804,-0.003488946007564664,-0.0040519461035728455,-0.0017785109812393785,-0.0027166230138391256,0.001022112206555903,0.0016655854415148497,-0.0028392095118761063,0.003111367579549551,-0.00034445925848558545,-0.0031049158424139023,0.0031547341495752335,-0.002091363538056612,0.0033826010767370462,-0.00018269069551024586,-0.0006373936776071787,-0.0016457183519378304,0.00047872174764052033,-0.0037568367552012205,4.804817581316456e-05,-0.000573575496673584,-0.0014792734291404486,-0.0014121293788775802,-0.0030071802902966738,-0.0038549199234694242,0.0023189247585833073,0.004155763890594244,0.000957860320340842,0.00023972534108906984,-0.00014381640357896686,-0.002161203883588314,0.0015834842342883348,-0.00035776544245891273,-0.0006116140284575522,0.0008195129921659827,-0.00048213903210125864,-0.0020665021147578955,-0.003877798328176141,0.002513894345611334,0.0023746415972709656,0.0037980028428137302,-0.0034503887873142958,0.00285208853892982,-0.0012802178971469402,0.0017035487107932568,0.0009570893598720431,-0.0007957510533742607,0.003845266764983535,-0.0032214182429015636,-0.002928289817646146,-0.001355673186480999,0.0008628774667158723,-0.0012824608711525798,-0.0023318331222981215,-0.0015776436775922775,0.0025873861741274595,0.0023207715712487698,0.0016496381722390652,-6.616204336751252e-05,6.94542995915981e-06
22,-0.0007502656080760062,-0.0004074588359799236,0.002925245091319084,0.0011227077338844538,-0.0023340045008808374,0.0004310276417527348,-0.001239808858372271,-9.566412700223736e-06,0.0022737467661499977,0.0029889666475355625,0.003484033979475498,-0.002900965278968215,0.002667758148163557,-0.0015008646296337247,-0.0012070491211488843,0.001916106091812253,0.003801583079621196,-0.0016172074247151613,0.0021760319359600544,0.0017811973812058568,0.001386601128615439,-0.0012963323388248682,0.003156115999445319,-0.0031515611335635185,0.0008399596554227173,-0.0018178904429078102,0.002950271125882864,-0.0006711824098601937,0.0015314214397221804,-4.7860710765235126e-05,0.002128524472936988,0.0018784325802698731,-0.0022830443922430277,0.000391548644984141,-0.0039008904714137316,0.0027988371439278126,-0.002175676403567195,0.002834504935890436,0.0016214075731113553,-0.003697002539411187,-0.002625409048050642,-0.0030403442215174437,0.0038535112980753183,0.001500433194451034,-0.0036829153541475534,-0.002058665733784437,-0.0014372002333402634,-0.0004676891549024731,0.004010084085166454,0.000998874893411994,0.0008878143853507936,-0.002718585077673197,0.0025075857993215322,0.001334619359113276,-0.0033983071334660053,0.0016202734550461173,-0.0005259793251752853,-0.003922073170542717,-0.000489875499624759,-0.0032799988985061646,-0.0007128265569917858,0.0007154234917834401,0.0008453083573840559,-0.003194421296939254,-0.0034806989133358,0.002404215279966593,0.003294276772066951,0.0011610216461122036,-0.0013932891888543963,0.00042855757055804133,0.003054111497476697,-0.00291042635217309,-0.0009855031967163086,-0.001733775599859655,0.002991453744471073,-0.0011295978911221027,-0.0002980302961077541,0.0011078976094722748,-0.0018213822040706873,-0.0009146042866632342,0.003783744527027011,-0.00027527756174094975,0.0010464810766279697,0.0030441677663475275,0.002909416798502207,-0.0013162976829335093,-0.0019123199163004756,-0.002899527782574296,-0.0033730731811374426,-0.0006199072231538594,0.002056056633591652,-0.0023912738543003798,0.0022802664898335934,0.002651023678481579,-0.0004105585685465485,0.0005215355195105076,-4.441520286491141e-05,0.000774150132201612,0.001388230244629085,-0.00010294457752024755,-0.0014186452608555555,0.0010097285266965628,-0.0029683734755963087,-0.0002003663539653644,0.001959875924512744,-0.002933323383331299,0.002350124064832926,-0.0015601159539073706,0.0038106630090624094,0.001682335278019309,-0.0027102106250822544,-0.0017799221677705646,-0.0007525867549702525,-0.0021066595800220966,0.0018517021089792252,0.001334753236733377,0.003520491998642683,-0.001908662961795926,0.003897626418620348,0.0005076914094388485,-0.002491470193490386,-0.002532382495701313,0.0012536998838186264,-0.002634282223880291,8.474481001030654e-05,0.00013834561104886234,-0.0009593598661012948,-0.0011079208925366402
23,0.003450039541348815,0.0026873676106333733,-0.0033752538729459047,0.0007242514984682202,-0.0012327507138252258,-0.0029012812301516533,-0.0025489353574812412,0.0005061182309873402,0.00144468923099339,-0.0022152881138026714,-0.002579475985839963,-0.0033776776399463415,0.0017160687129944563,-0.0014121950371190906,0.00216245511546731,0.00014277042646426708,-0.003846618114039302,0.0016294621163979173,0.001155944773927331,-0.0003338571696076542,0.0008722312049940228,-0.0011141006834805012,-0.00036017090314999223,-0.0015423954464495182,0.001888680038973689,0.003569984110072255,0.00012940927990712225,0.0013484073569998145,0.003254490438848734,-0.002715121489018202,-0.002259694505482912,0.0027340943925082684,0.00305481581017375,-0.0029101793188601732,0.0014329950790852308,0.0017714276909828186,-0.0027693547308444977,-0.002233358798548579,0.0028608425054699183,0.00047468699631281197,0.003637901274487376,0.003256061812862754,-0.0003694255428854376,-0.0007878828910179436,-0.0030071940273046494,0.0003392975777387619,0.0025714614894241095,0.0034007495269179344,0.0004102012899238616,0.0007772731478326023,0.002788246376439929,-0.0031474358402192593,0.0007554393378086388,0.00200397870503366,0.002413423266261816,0.0008849525474943221,-0.001215874101035297,-0.003912738058716059,-0.0014631464146077633,0.0006996323354542255,-0.0005090209888294339,-0.0002320943312952295,0.0010615995852276683,-0.0003382913419045508,0.0002937372191809118,0.0004320403386373073,-0.001916840672492981,0.0012262326199561357,-0.003932536114007235,0.0006766989827156067,-0.0038497110363096,0.0036968982312828302,0.0014332403661683202,-0.0021697471383959055,0.0039066774770617485,-0.001684725983068347,0.0009583408827893436,0.0035018015187233686,-0.0030012212228029966,-2.7544474505702965e-05,0.003365566488355398,0.0021792028564959764,-0.0020701668690890074,-0.0011830047005787492,-0.002697654766961932,-0.003554502734914422,0.0028425678610801697,-0.0010496429167687893,0.003653766820207238,-0.002910482930019498,0.0002091757341986522,0.000533068785443902,-0.000935056887101382,0.0031814586836844683,-0.0020304934587329626,0.0012605036608874798,0.0017582837026566267,0.0036937848199158907,0.0007437370950356126,0.0035726139321923256,-0.0022066859528422356,0.00027033069636672735,-0.0005414727493189275,-0.0032008150592446327,0.0011545175220817327,0.0003229545254725963,0.0036470675840973854,0.0006748633459210396,-0.001987338764593005,0.0034225243143737316,-0.0005769885610789061,-0.0015667361440137029,-0.0014388285344466567,-0.0009441493893973529,0.00016877327288966626,-0.0007681709248572588,0.002623863983899355,-0.0019429224776104093,0.0015546464128419757,-0.0018281469820067286,-0.002849414013326168,0.0019369899528101087,-0.000640678103081882,-3.423056841711514e-05,0.00038869358832016587,0.002378530567511916,-0.003320490475744009,0.000984493992291391
24,-0.0008080783300101757,0.0036542436573654413,-0.0022588777355849743,-0.002117213560268283,-0.003427258925512433,-0.0014715204015374184,-0.002403911203145981,-0.002358517609536648,0.00034277516533620656,0.0004507322155404836,-0.0006126277148723602,0.0022204145789146423,-0.0020441890228539705,0.000236739098909311,-0.0032611836213618517,-0.0018576497677713633,0.001855548471212387,0.0033880560658872128,0.0009695355547592044,-0.0023206996265798807,-4.714032183983363e-05,-0.0022521016653627157,0.00226747733540833,-0.0019409403903409839,-0.0006438449490815401,-0.00015287569840438664,0.0015567002119496465,0.00214760540984571,-0.0019117569318041205,0.0012348316377028823,0.0026431328151375055,-0.003707424271851778,-0.0009256769553758204,0.001277245581150055,-0.002748358529061079,0.0034621998202055693,-0.0024148370139300823,-0.0004914637538604438,0.0014737133169546723,-0.003895062254741788,-0.0022470192052423954,0.0027281194925308228,0.00029854426975362003,0.0007059062481857836,0.0013757891720160842,0.00119064433965832,-0.001263229874894023,-0.000603897322434932,0.0005981216672807932,0.001168655464425683,-0.00013276412209961563,0.0033739705104380846,0.0029134254436939955,-0.0002571067016106099,0.0006118496530689299,-0.002054660813882947,-0.003405802883207798,-0.0002534413943067193,-0.0018483793828636408,-0.003892675507813692,0.0015607187524437904,-0.0038187368772923946,-0.0034906314685940742,0.0006361022242344916,0.002748627681285143,-0.0037218499928712845,0.0029032633174210787,-0.00014812947483733296,0.0003232455928809941,0.0032436291221529245,-0.002714132657274604,-0.003365007694810629,-0.00033275250461883843,-0.0025021973997354507,-0.0010321545414626598,-0.0024244976229965687,-0.0019487186800688505,-0.0007134619518183172,0.001724260626360774,0.003789667272940278,-0.002385829808190465,-0.00041820420301519334,-0.0036354470066726208,0.002508788136765361,-0.00026527713635005057,-0.003462820779532194,-0.001098928158171475,-0.002546231495216489,-0.0012383200228214264,-0.0007154541672207415,-0.00017431273590773344,-0.002775652566924691,-0.003088094061240554,-0.003627845784649253,0.002579022664576769,0.0028884708881378174,-0.0023875252809375525,-0.00028359174029901624,0.0013435037108138204,-0.0017598906997591257,0.0013479181798174977,-0.002450099913403392,0.0016469416441395879,-0.001568320905789733,0.002287117298692465,-0.0002987637708429247,0.003023669123649597,-0.001488094567321241,0.0014787636464461684,0.0032006416004151106,0.0035082499962300062,0.0013162802206352353,-0.002220394555479288,-0.0012789686443284154,0.00196511996909976,0.0023256377317011356,0.00263013644143939,0.0015938624273985624,0.0003550143155734986,0.0014531358610838652,-0.00010449619003338739,0.003026250982657075,-0.00351458927616477,-0.0009841321734711528,0.00143668323289603,-0.0024999480228871107,-0.0018070214428007603,0.003828506451100111
25,0.0034701263066381216,-0.0024236543104052544,0.0033920572604984045,-0.0038877043407410383,0.0004908645059913397,-0.0016103757079690695,0.001335027744062245,0.0006375747616402805,-0.0031677503138780594,0.0009599190088920295,-0.0029725830536335707,-0.00043187590199522674,0.002390718087553978,0.0007549608126282692,0.0007394427666440606,-0.000879923696629703,-0.0009091179817914963,0.0030368587467819452,0.00022022843768354505,-0.0007091375882737339,0.0035374814178794622,-0.002544241026043892,0.0009889814537018538,-0.003515747608616948,0.00013179580855648965,-0.0022204387933015823,-0.003933912143111229,0.0029059865046292543,0.0024680227506905794,-0.0029839235357940197,0.0019849338568747044,0.0007407683879137039,-0.004047994967550039,0.0033187458757311106,-0.0034891385585069656,0.003334283595904708,-0.0010458300821483135,0.0009736507199704647,-0.0031426935456693172,0.0038178253453224897,-0.002100949641317129,0.0032202673610299826,0.004179516341537237,0.00091533362865448,0.0012717448407784104,-0.0025440985336899757,-0.00043525322689674795,0.003854371141642332,0.00014783295046072453,-0.0018117999425157905,0.0009345621801912785,0.00034945079823955894,0.0028433632105588913,0.0020552051719278097,-0.0037589198909699917,0.0015565493376925588,-0.0003618584596551955,0.0019821617752313614,0.0027915274258702993,-0.003217716934159398,0.0037577582988888025,-0.0005117440014146268,0.0025481325574219227,0.0022693860810250044,0.0013350817607715726,-0.0029594344086945057,0.0019559881184250116,0.002117750933393836,0.0010919553460553288,-0.0015971189131960273,0.0029628968331962824,0.0022041157353669405,-0.003338879207149148,-0.0038503350224345922,-1.5607305613229983e-05,-0.0006342138512991369,0.0023213105741888285,-0.00222552171908319,-0.0015719120856374502,0.002010722877457738,-0.0013383058831095695,0.0030835524667054415,0.003209139918908477,0.002254182007163763,0.0013974248431622982,0.0004638101381715387,-0.0027571781538426876,0.0008403717656619847,0.0006982057821005583,-0.0012175897136330605,-0.0007793664117343724,-0.0032361436169594526,-0.0037025182973593473,-0.003909747116267681,-0.0019185463897883892,0.0034715658985078335,-0.0005610828520730138,0.0023854367900639772,0.001717675942927599,-0.0005715624429285526,-0.0007739394786767662,-0.001448103808797896,-0.000232057660468854,-0.0037202925886958838,-0.0037312295753508806,-0.0002976836694870144,0.00038170948391780257,0.0015764335403218865,0.00026390707353129983,0.0030533873941749334,0.003156339516863227,-0.0025486864615231752,0.0008052472840063274,0.0006696498021483421,0.00223537883721292,0.0034873622935265303,0.000779988244175911,0.0030400713440030813,0.0028810903895646334,-0.0011001371312886477,0.0002426676219329238,0.0006987811648286879,-0.003113396232947707,-0.000859048857819289,0.002423383528366685,-0.0018045303877443075,0.001077030086889863,-0.002095225267112255
26,-0.0004051263676956296,0.0018030625069513917,-0.0010962366359308362,-0.0028958318289369345,0.002072440693154931,-0.003161676460877061,0.0016103341476991773,0.0035294315312057734,-0.002729005878791213,0.0025288215838372707,0.002552351448684931,0.0032756212167441845,-0.0005536628887057304,-0.0036501421127468348,-0.0018288897117599845,-0.0015477420529350638,0.001200757222250104,0.002744353376328945,-0.003744942368939519,-0.003757291240617633,0.002833904465660453,0.0003504955384414643,-0.0025858418084681034,0.0014255424030125141,0.002478897338733077,0.003006590995937586,-0.0020153014920651913,0.003267069114372134,-0.0026858642231673002,-0.0017239402513951063,-0.0010910291457548738,-0.0024296503979712725,0.0013613449409604073,-0.0012076667044311762,0.0030549035873264074,-0.0035700297448784113,0.0026976214721798897,-0.0006643560482189059,0.0010998360812664032,-0.002901314990594983,-0.0023746222723275423,0.001412523677572608,0.0015662859659641981,-0.0015548602677881718,-0.0016722101718187332,-0.0008846119162626565,-0.00235710758715868,0.003603563643991947,-0.0029136245138943195,0.003234626492485404,-0.0017858374631032348,-0.00041132583282887936,0.0033893571235239506,0.0028265288565307856,-0.0038878361228853464,0.0004522278031799942,0.0033432042691856623,0.0006132887792773545,-0.00382587150670588,-0.0037894572596997023,0.004036155063658953,-0.0018275839975103736,0.00022741526481695473,0.0015427556354552507,-0.001909479033201933,0.004050569608807564,-0.0025175560731440783,0.0021472489461302757,-0.0017764947842806578,-0.0007781353197060525,9.209312702296302e-05,0.0014430420706048608,0.0009594959556125104,-0.0033896788954734802,-0.002840870525687933,0.0012609157711267471,0.0012685332912951708,0.003294913796707988,0.0011836303165182471,-0.0023870770819485188,0.001994391903281212,-0.0031664709094911814,0.0016773248789831996,0.003719697007909417,0.0034947094973176718,0.0031438705045729876,-0.0017656737472862005,0.0027696951292455196,-0.0004653135547414422,-0.00044819555478170514,0.0027583055198192596,0.002716491464525461,-0.002072080736979842,0.00015228377014864236,3.8898306229384616e-05,-0.0029498946387320757,-0.0024970571976155043,0.0010473448783159256,0.0012294996995478868,0.0015269956784322858,-0.00249431817792356,0.002490808954462409,-0.002269489225000143,0.003599947551265359,0.0020469576120376587,0.00010611776087898761,0.003325909376144409,0.0012950486270710826,0.0027748325373977423,0.001902515534311533,0.0024352194741368294,-0.00022299887496046722,-0.0036045624874532223,0.0025559463538229465,-0.0012440730351954699,0.0022262767888605595,-9.769406460691243e-05,0.000161213509272784,3.0243212677305564e-05,-0.0007053249282762408,9.973091073334217e-05,-0.0003830637433566153,0.0002378418284934014,0.0015416487585753202,-0.0026042251847684383,-0.00029785939841531217,-0.0026942172553390265,0.0026229452341794968
27,0.003834467614069581,0.0022494392469525337,0.0036757641937583685,-0.002539069624617696,0.0028318713884800673,0.0034721456468105316,0.002923623425886035,-0.0002644984342623502,-0.000435173831647262,0.0025130570866167545,0.003492979099974036,-6.668380956398323e-05,0.0016516835894435644,0.0034149622078984976,0.00024152908008545637,0.003098907647654414,0.0035698185674846172,0.004001588094979525,-0.0005971052451059222,0.002831912599503994,0.002945573767647147,0.0023708855733275414,0.0014490759931504726,0.0028672923799604177,-0.003762543899938464,-0.0016367315547540784,0.002168621402233839,-0.0010811543324962258,0.0011016206117346883,-0.0024942916352301836,-0.0029448815621435642,-0.0035527944564819336,-0.0020996672101318836,0.001299744239076972,-0.0007501415093429387,-0.003375281812623143,-0.0012869868660345674,-0.00044917542254552245,-0.003177648177370429,0.0013603322440758348,-0.0011490456527099013,0.00028606283012777567,-0.0024018764961510897,0.0037523340433835983,0.0033693467266857624,0.002488764002919197,0.0004024336813017726,-0.001750097144395113,-0.0015084141632542014,0.002283893059939146,-0.003397606313228607,-0.0012556436704471707,0.0017333690775558352,-0.003014810848981142,0.0032246732152998447,0.0006486522033810616,0.0017740922048687935,-0.002104136161506176,0.0035227141343057156,-0.004005630034953356,0.0022877673618495464,-0.0017378708580508828,-0.0037761651910841465,-8.545534365111962e-05,-0.002770085586234927,0.003270029090344906,0.0018820611294358969,-0.0006028217612765729,-0.0030921329744160175,0.003765568369999528,-0.002921825973317027,-0.003021995071321726,0.0032584229484200478,0.003108305623754859,-0.003010098123922944,-0.00331140891648829,-0.00048502281424589455,0.0014757124008610845,0.00024083997413981706,0.0008426819695159793,0.0002436581562506035,0.002383480779826641,-0.003677978878840804,0.0020148372277617455,0.0002871318138204515,0.002886614529415965,-0.0013519404456019402,-0.00340263731777668,0.0027000324334949255,-0.0037682396359741688,-0.0025810631923377514,-0.0027917770203202963,-0.00393566582351923,-0.001135573023930192,-0.0024904222227633,0.0015925930347293615,-0.002430298598483205,0.0029996272642165422,-0.0019095535390079021,-0.0008405089029110968,0.0033033364452421665,0.0002697620657272637,-0.003489900380373001,0.0016663160640746355,0.0036866336595267057,0.00035964074777439237,-0.002276830840855837,-8.274775609606877e-05,-0.001303003286011517,0.0007399255409836769,-0.002376849064603448,-0.00017738288443069905,0.0013181124813854694,0.00047797997831366956,0.0027194463182240725,-0.0023798588663339615,-0.002056131139397621,-0.0021956597920507193,-0.0024028869811445475,0.0005064330762252212,-0.001536295167170465,0.00018465210450813174,0.0013688565231859684,0.002083804225549102,-0.002318954560905695,-0.0024702001828700304,-0.001120293978601694,0.0004789122613146901
